<?xml version = '1.0' encoding = 'UTF-8'?>
<Diagram class="oracle.dbtools.crest.swingui.logical.DPVLogical" name="Logical" id="FF147806-3F54-C5CC-2A56-433CAF7261FB">
<createdBy>G051</createdBy>
<modifiedBy>G051</modifiedBy>
<createdTime>2024-05-01 17:19:25 UTC</createdTime>
<autoRoute>false</autoRoute>
<boxInbox>true</boxInbox>
<showLegend>true</showLegend>
<showLabels>true</showLabels>
<showRelAttributes>false</showRelAttributes>
<gridEnabled>false</gridEnabled>
<showGrid>false</showGrid>
<diagramColor>-1</diagramColor>
<display>false</display>
<notation>2</notation>
<showAllDetails>false</showAllDetails>
<showElements>true</showElements>
<showKeys>true</showKeys>
<objectViews>
<OView class="oracle.dbtools.crest.swingui.logical.TVEntity" oid="08F29D73-B2F2-7F11-35DA-339C395BAEB9" otype="Entity" vid="E105C293-F7BA-8101-E950-C6E29A642E07">
<hideElementsInCurrentOnly>false</hideElementsInCurrentOnly>
<bounds x="286" y="290" width="220" height="137"/>
</OView>
<OView class="oracle.dbtools.crest.swingui.logical.TVEntity" oid="114483A6-074F-D54C-BCCA-667083189B33" otype="Entity" vid="BB245F36-1015-AABD-E48E-9E375C739F7C">
<hideElementsInCurrentOnly>false</hideElementsInCurrentOnly>
<bounds x="0" y="269" width="171" height="119"/>
</OView>
<OView class="oracle.dbtools.crest.swingui.logical.TVEntity" oid="1462331E-084E-A4BF-E32B-375FD18B5728" otype="Entity" vid="205AB5AA-7B0A-50C3-D4F5-CCDDCD596E95">
<hideElementsInCurrentOnly>false</hideElementsInCurrentOnly>
<bounds x="991" y="60" width="208" height="153"/>
</OView>
<OView class="oracle.dbtools.crest.swingui.logical.TVEntity" oid="1F55FB33-2C37-03F7-C4B1-7315BB34BE17" otype="Entity" vid="77B4B2F4-FA80-FA05-8E9D-4AB9305DC80C">
<hideElementsInCurrentOnly>false</hideElementsInCurrentOnly>
<bounds x="1333" y="557" width="170" height="110"/>
</OView>
<OView class="oracle.dbtools.crest.swingui.logical.TVEntity" oid="21BE6F84-85CB-8B56-4BB7-E3D368A2D73B" otype="Entity" vid="C7DBB3E0-6C55-17B7-AAA4-0A4029639C19">
<hideElementsInCurrentOnly>false</hideElementsInCurrentOnly>
<bounds x="605" y="14" width="170" height="110"/>
</OView>
<OView class="oracle.dbtools.crest.swingui.logical.TVEntity" oid="5AE9CA08-1732-A818-1F65-292367F70551" otype="Entity" vid="B617F683-D002-18B0-F95F-CD2679047851">
<hideElementsInCurrentOnly>false</hideElementsInCurrentOnly>
<bounds x="875" y="596" width="171" height="83"/>
</OView>
<OView class="oracle.dbtools.crest.swingui.TVLegend" oid="6B78EA8B-EDBD-99FA-6611-349721379B76" otype="Legend" vid="181CEA8E-A955-8B1C-6CA4-54443FBD357E">
<hideElementsInCurrentOnly>false</hideElementsInCurrentOnly>
<bounds x="10" y="10" width="232" height="135"/>
</OView>
<OView class="oracle.dbtools.crest.swingui.logical.TVEntity" oid="73188C34-AAA3-8144-0BE5-D19FD35B5711" otype="Entity" vid="5FE7D972-2BED-D342-F3D2-9353C53D72AF">
<hideElementsInCurrentOnly>false</hideElementsInCurrentOnly>
<bounds x="965" y="307" width="227" height="183"/>
</OView>
<OView class="oracle.dbtools.crest.swingui.logical.TVEntity" oid="78D62C3E-6B97-56A3-9EDA-9601E32DF821" otype="Entity" vid="3E4ED2E3-948F-EA52-D34D-0C3026D88C00">
<hideElementsInCurrentOnly>false</hideElementsInCurrentOnly>
<bounds x="586" y="258" width="253" height="196"/>
</OView>
<OView class="oracle.dbtools.crest.swingui.logical.TVEntity" oid="9CB00917-8AF1-A08A-4029-21F2773F6CD3" otype="Entity" vid="61CD1A43-67C8-7CE1-7D81-9F978A0C35A4">
<hideElementsInCurrentOnly>false</hideElementsInCurrentOnly>
<bounds x="1269" y="303" width="253" height="191"/>
</OView>
<OView class="oracle.dbtools.crest.swingui.logical.TVEntity" oid="AAC77822-0927-24F2-C3C6-F015E0192590" otype="Entity" vid="5F72246A-D23B-F1A1-C0EA-4B6157DFC552">
<hideElementsInCurrentOnly>false</hideElementsInCurrentOnly>
<bounds x="511" y="574" width="233" height="180"/>
</OView>
<OView class="oracle.dbtools.crest.swingui.logical.TVEntity" oid="B86E7CB4-10DE-CA1E-33D1-FBE7AE909FAA" otype="Entity" vid="6E2C378D-F0F5-4492-7B4F-C1513EFFAE16">
<hideElementsInCurrentOnly>false</hideElementsInCurrentOnly>
<bounds x="248" y="23" width="263" height="112"/>
</OView>
</objectViews>
<connectors>
<Connector class="oracle.dbtools.crest.swingui.logical.TVRelation" oid="0A77BCFD-4E5C-E506-662D-AB299EADFB24" otype="Relation" vid_source="5F72246A-D23B-F1A1-C0EA-4B6157DFC552" vid_target="3E4ED2E3-948F-EA52-D34D-0C3026D88C00">
<hideElementsInCurrentOnly>false</hideElementsInCurrentOnly>
<backgroundColor>-16777216</backgroundColor>
<lineWidth>1</lineWidth>
<sourceLabel class="oracle.dbtools.crest.model.design.Label">
<site>0</site>
<labelBounds x="665" y="538" width="57" height="30"/>
<noBackgroundColor>true</noBackgroundColor>
<noForegroundColor>true</noForegroundColor>
</sourceLabel>
<targetLabel class="oracle.dbtools.crest.model.design.Label">
<site>2</site>
<labelBounds x="665" y="490" width="18" height="30"/>
<noBackgroundColor>true</noBackgroundColor>
<noForegroundColor>true</noForegroundColor>
</targetLabel>
<points>
<point x="665" y="574"/>
<point x="665" y="454"/>
</points>
</Connector>
<Connector class="oracle.dbtools.crest.swingui.logical.TVRelation" oid="1E403F41-4577-9E0F-1C1B-85FEF60599DF" otype="Relation" vid_source="5F72246A-D23B-F1A1-C0EA-4B6157DFC552" vid_target="E105C293-F7BA-8101-E950-C6E29A642E07">
<hideElementsInCurrentOnly>false</hideElementsInCurrentOnly>
<backgroundColor>-16777216</backgroundColor>
<lineWidth>1</lineWidth>
<sourceLabel class="oracle.dbtools.crest.model.design.Label">
<site>0</site>
<labelBounds x="441" y="611" width="64" height="30"/>
<noBackgroundColor>true</noBackgroundColor>
<noForegroundColor>true</noForegroundColor>
</sourceLabel>
<targetLabel class="oracle.dbtools.crest.model.design.Label">
<site>2</site>
<labelBounds x="376" y="463" width="18" height="30"/>
<noBackgroundColor>true</noBackgroundColor>
<noForegroundColor>true</noForegroundColor>
</targetLabel>
<points>
<point x="511" y="641"/>
<point x="376" y="641"/>
<point x="376" y="427"/>
</points>
</Connector>
<Connector class="oracle.dbtools.crest.swingui.logical.TVRelation" oid="440B6821-C3ED-FD31-78F9-B81366879EB3" otype="Relation" vid_source="5F72246A-D23B-F1A1-C0EA-4B6157DFC552" vid_target="B617F683-D002-18B0-F95F-CD2679047851">
<hideElementsInCurrentOnly>false</hideElementsInCurrentOnly>
<backgroundColor>-16777216</backgroundColor>
<lineWidth>1</lineWidth>
<sourceLabel class="oracle.dbtools.crest.model.design.Label">
<site>0</site>
<labelBounds x="754" y="638" width="47" height="30"/>
<noBackgroundColor>true</noBackgroundColor>
<noForegroundColor>true</noForegroundColor>
</sourceLabel>
<targetLabel class="oracle.dbtools.crest.model.design.Label">
<site>2</site>
<labelBounds x="851" y="637" width="18" height="33"/>
<noBackgroundColor>true</noBackgroundColor>
<noForegroundColor>true</noForegroundColor>
</targetLabel>
<points>
<point x="744" y="638"/>
<point x="875" y="637"/>
</points>
</Connector>
<Connector class="oracle.dbtools.crest.swingui.logical.TVRelation" oid="48DC9E21-0DCB-16A7-F2AE-E296A66DF2AC" otype="Relation" vid_source="BB245F36-1015-AABD-E48E-9E375C739F7C" vid_target="E105C293-F7BA-8101-E950-C6E29A642E07">
<hideElementsInCurrentOnly>false</hideElementsInCurrentOnly>
<backgroundColor>-16777216</backgroundColor>
<lineWidth>1</lineWidth>
<sourceLabel class="oracle.dbtools.crest.model.design.Label">
<site>0</site>
<labelBounds x="181" y="351" width="66" height="34"/>
<noBackgroundColor>true</noBackgroundColor>
<noForegroundColor>true</noForegroundColor>
</sourceLabel>
<targetLabel class="oracle.dbtools.crest.model.design.Label">
<site>2</site>
<labelBounds x="264" y="354" width="16" height="34"/>
<noBackgroundColor>true</noBackgroundColor>
<noForegroundColor>true</noForegroundColor>
</targetLabel>
<points>
<point x="171" y="351"/>
<point x="286" y="354"/>
</points>
</Connector>
<Connector class="oracle.dbtools.crest.swingui.logical.TVRelation" oid="5B1378B9-C470-BEFD-BB80-A705670397FE" otype="Relation" vid_source="C7DBB3E0-6C55-17B7-AAA4-0A4029639C19" vid_target="3E4ED2E3-948F-EA52-D34D-0C3026D88C00">
<hideElementsInCurrentOnly>false</hideElementsInCurrentOnly>
<backgroundColor>-16777216</backgroundColor>
<lineWidth>1</lineWidth>
<sourceLabel class="oracle.dbtools.crest.model.design.Label">
<site>0</site>
<labelBounds x="705" y="162" width="40" height="32"/>
<noBackgroundColor>true</noBackgroundColor>
<noForegroundColor>true</noForegroundColor>
</sourceLabel>
<targetLabel class="oracle.dbtools.crest.model.design.Label">
<site>2</site>
<labelBounds x="704" y="221" width="20" height="31"/>
<noBackgroundColor>true</noBackgroundColor>
<noForegroundColor>true</noForegroundColor>
</targetLabel>
<points>
<point x="705" y="124"/>
<point x="704" y="258"/>
</points>
</Connector>
<Connector class="oracle.dbtools.crest.swingui.logical.TVRelation" oid="70512951-6A6F-BB25-4B1B-72DE4B268A62" otype="Relation" vid_source="77B4B2F4-FA80-FA05-8E9D-4AB9305DC80C" vid_target="61CD1A43-67C8-7CE1-7D81-9F978A0C35A4">
<hideElementsInCurrentOnly>false</hideElementsInCurrentOnly>
<backgroundColor>-16777216</backgroundColor>
<lineWidth>1</lineWidth>
<sourceLabel class="oracle.dbtools.crest.model.design.Label">
<site>0</site>
<labelBounds x="1418" y="521" width="37" height="30"/>
<noBackgroundColor>true</noBackgroundColor>
<noForegroundColor>true</noForegroundColor>
</sourceLabel>
<targetLabel class="oracle.dbtools.crest.model.design.Label">
<site>2</site>
<labelBounds x="1418" y="530" width="18" height="30"/>
<noBackgroundColor>true</noBackgroundColor>
<noForegroundColor>true</noForegroundColor>
</targetLabel>
<points>
<point x="1418" y="557"/>
<point x="1418" y="494"/>
</points>
</Connector>
<Connector class="oracle.dbtools.crest.swingui.logical.TVRelation" oid="810E81B0-F7D5-7DFA-5315-3C2EE380B45A" otype="Relation" vid_source="6E2C378D-F0F5-4492-7B4F-C1513EFFAE16" vid_target="C7DBB3E0-6C55-17B7-AAA4-0A4029639C19">
<hideElementsInCurrentOnly>false</hideElementsInCurrentOnly>
<backgroundColor>-16777216</backgroundColor>
<lineWidth>1</lineWidth>
<sourceLabel class="oracle.dbtools.crest.model.design.Label">
<site>0</site>
<labelBounds x="521" y="72" width="48" height="30"/>
<noBackgroundColor>true</noBackgroundColor>
<noForegroundColor>true</noForegroundColor>
</sourceLabel>
<targetLabel class="oracle.dbtools.crest.model.design.Label">
<site>2</site>
<labelBounds x="581" y="73" width="18" height="30"/>
<noBackgroundColor>true</noBackgroundColor>
<noForegroundColor>true</noForegroundColor>
</targetLabel>
<points>
<point x="511" y="72"/>
<point x="605" y="73"/>
</points>
</Connector>
<Connector class="oracle.dbtools.crest.swingui.logical.TVRelation" oid="90FCE4E4-F8E1-96AC-2B87-3C04F20DCBFA" otype="Relation" vid_source="5FE7D972-2BED-D342-F3D2-9353C53D72AF" vid_target="3E4ED2E3-948F-EA52-D34D-0C3026D88C00">
<hideElementsInCurrentOnly>false</hideElementsInCurrentOnly>
<backgroundColor>-16777216</backgroundColor>
<lineWidth>1</lineWidth>
<sourceLabel class="oracle.dbtools.crest.model.design.Label">
<site>0</site>
<labelBounds x="897" y="380" width="62" height="26"/>
<noBackgroundColor>true</noBackgroundColor>
<noForegroundColor>true</noForegroundColor>
</sourceLabel>
<targetLabel class="oracle.dbtools.crest.model.design.Label">
<site>2</site>
<labelBounds x="849" y="383" width="18" height="34"/>
<noBackgroundColor>true</noBackgroundColor>
<noForegroundColor>true</noForegroundColor>
</targetLabel>
<points>
<point x="965" y="380"/>
<point x="839" y="383"/>
</points>
</Connector>
<Connector class="oracle.dbtools.crest.swingui.logical.TVRelation" oid="EEAEBD0C-DDF9-B2B6-DF02-ACA7F055D4CA" otype="Relation" vid_source="5FE7D972-2BED-D342-F3D2-9353C53D72AF" vid_target="61CD1A43-67C8-7CE1-7D81-9F978A0C35A4">
<hideElementsInCurrentOnly>false</hideElementsInCurrentOnly>
<backgroundColor>-16777216</backgroundColor>
<lineWidth>1</lineWidth>
<sourceLabel class="oracle.dbtools.crest.model.design.Label">
<site>0</site>
<labelBounds x="1202" y="398" width="34" height="23"/>
<noBackgroundColor>true</noBackgroundColor>
<noForegroundColor>true</noForegroundColor>
</sourceLabel>
<targetLabel class="oracle.dbtools.crest.model.design.Label">
<site>2</site>
<labelBounds x="1245" y="397" width="18" height="33"/>
<noBackgroundColor>true</noBackgroundColor>
<noForegroundColor>true</noForegroundColor>
</targetLabel>
<points>
<point x="1192" y="398"/>
<point x="1269" y="397"/>
</points>
</Connector>
<Connector class="oracle.dbtools.crest.swingui.logical.TVRelation" oid="F252F5D6-71AE-3B83-078B-05BD234892FE" otype="Relation" vid_source="3E4ED2E3-948F-EA52-D34D-0C3026D88C00" vid_target="205AB5AA-7B0A-50C3-D4F5-CCDDCD596E95">
<hideElementsInCurrentOnly>false</hideElementsInCurrentOnly>
<backgroundColor>-16777216</backgroundColor>
<lineWidth>1</lineWidth>
<sourceLabel class="oracle.dbtools.crest.model.design.Label">
<site>0</site>
<labelBounds x="789" y="144" width="37" height="84"/>
<noBackgroundColor>true</noBackgroundColor>
<noForegroundColor>true</noForegroundColor>
</sourceLabel>
<targetLabel class="oracle.dbtools.crest.model.design.Label">
<site>2</site>
<labelBounds x="967" y="173" width="18" height="30"/>
<noBackgroundColor>true</noBackgroundColor>
<noForegroundColor>true</noForegroundColor>
</targetLabel>
<points>
<point x="789" y="258"/>
<point x="789" y="170"/>
<point x="991" y="170"/>
</points>
</Connector>
</connectors>
</Diagram>
