<?xml version = '1.0' encoding = 'UTF-8'?>
<Table class="oracle.dbtools.crest.model.design.relational.Table" directorySegmentName="seg_0" id="168C2B6A-8BBE-4269-766E-265B3A2AB271" name="OFFICIAL">
<createdBy>Mustafa Khan</createdBy>
<createdTime>2024-05-02 07:11:08 UTC</createdTime>
<generatorID>21BE6F84-85CB-8B56-4BB7-E3D368A2D73B</generatorID>
<ownerDesignName>pat_oraclemodel</ownerDesignName>
<allowColumnReorder>false</allowColumnReorder>
<existDependencyGenerateInDDl>true</existDependencyGenerateInDDl>
<parsed>true</parsed>
<columns itemClass="oracle.dbtools.crest.model.design.relational.Column">
<Column name="official_olymic_id" id="61CBF1FB-C0B0-65A1-2EF9-4DBC05DE6601">
<createdBy>Mustafa Khan</createdBy>
<createdTime>2024-05-02 07:11:08 UTC</createdTime>
<commentInRDBMS><![CDATA[official_olymic_id]]></commentInRDBMS>
<generatorID>2AC34B33-8639-DDB5-65B7-DA872A00E424</generatorID>
<ownerDesignName>pat_oraclemodel</ownerDesignName>
<useDomainConstraints>false</useDomainConstraints>
<use>1</use>
<logicalDatatype>LOGDT024</logicalDatatype>
<dataTypeSize>7</dataTypeSize>
<ownDataTypeParameters>7,,</ownDataTypeParameters>
<autoIncrementCycle>false</autoIncrementCycle>
</Column>
<Column name="official_name" id="973F1912-4A82-8E5D-A77F-9C135725AD68">
<createdBy>Mustafa Khan</createdBy>
<createdTime>2024-05-02 07:11:08 UTC</createdTime>
<commentInRDBMS><![CDATA[official_name]]></commentInRDBMS>
<generatorID>86B05DE6-B408-EB50-22A3-ED5D5934F435</generatorID>
<ownerDesignName>pat_oraclemodel</ownerDesignName>
<useDomainConstraints>false</useDomainConstraints>
<use>1</use>
<logicalDatatype>LOGDT024</logicalDatatype>
<dataTypeSize>50</dataTypeSize>
<ownDataTypeParameters>50,,</ownDataTypeParameters>
<autoIncrementCycle>false</autoIncrementCycle>
</Column>
<Column name="official_role" id="67D39381-AFCE-FD86-0667-70E7C15B0865">
<createdBy>Mustafa Khan</createdBy>
<createdTime>2024-05-02 07:11:08 UTC</createdTime>
<commentInRDBMS><![CDATA[official_role]]></commentInRDBMS>
<generatorID>1A4816CB-B0A0-2467-68E5-5E97D9F6BBC9</generatorID>
<ownerDesignName>pat_oraclemodel</ownerDesignName>
<useDomainConstraints>false</useDomainConstraints>
<use>1</use>
<logicalDatatype>LOGDT024</logicalDatatype>
<dataTypeSize>50</dataTypeSize>
<ownDataTypeParameters>50,,</ownDataTypeParameters>
<autoIncrementCycle>false</autoIncrementCycle>
</Column>
<Column name="noc_ioc_code" id="FE984512-65F0-F208-1080-58F2E65E8F5B">
<createdBy>Mustafa Khan</createdBy>
<createdTime>2024-05-02 07:11:08 UTC</createdTime>
<commentInRDBMS><![CDATA[noc_ioc_code]]></commentInRDBMS>
<generatorID>E7DCF415-0C47-C6E4-E865-494821078D9E</generatorID>
<ownerDesignName>pat_oraclemodel</ownerDesignName>
<useDomainConstraints>false</useDomainConstraints>
<use>1</use>
<logicalDatatype>LOGDT024</logicalDatatype>
<dataTypeSize>50</dataTypeSize>
<ownDataTypeParameters>,,</ownDataTypeParameters>
<previousColumn>false</previousColumn>
<autoIncrementCycle>false</autoIncrementCycle>
<associations>
<colAssociation fkAssociation="6CDCD29B-4C55-4BF6-62CF-B474F6ABB3CC" referredColumn="286870EB-6430-8266-D19F-CE8100507174"/>
</associations>
</Column>
</columns>
<indexes itemClass="oracle.dbtools.crest.model.design.relational.Index">
<ind_PK_UK id="6DF2E771-7F9E-3B72-851E-F67537879707" name="OFFICIAL_PK">
<createdBy>Mustafa Khan</createdBy>
<createdTime>2024-05-02 07:11:08 UTC</createdTime>
<generatorID>D3432EDA-6356-8BD5-D572-444D8EDB0837</generatorID>
<ownerDesignName>pat_oraclemodel</ownerDesignName>
<pk>true</pk>
<indexState>Primary Constraint</indexState>
<isSurrogateKey>false</isSurrogateKey>
<indexColumnUsage>
<colUsage columnID="61CBF1FB-C0B0-65A1-2EF9-4DBC05DE6601"/>
</indexColumnUsage>
</ind_PK_UK>
<ind_PK_UK id="45D0E1BE-D98D-86A9-DA94-F4539B683E5E" name="NOC_official">
<createdBy>Mustafa Khan</createdBy>
<createdTime>2024-05-02 07:11:08 UTC</createdTime>
<generatorID>810E81B0-F7D5-7DFA-5315-3C2EE380B45A</generatorID>
<ownerDesignName>pat_oraclemodel</ownerDesignName>
<indexState>Foreign Key</indexState>
<isSurrogateKey>false</isSurrogateKey>
<indexColumnUsage>
<colUsage columnID="FE984512-65F0-F208-1080-58F2E65E8F5B"/>
</indexColumnUsage>
</ind_PK_UK>
</indexes>
</Table>
