<?xml version = '1.0' encoding = 'UTF-8'?>
<Table class="oracle.dbtools.crest.model.design.relational.Table" directorySegmentName="seg_0" id="432094A3-BA8F-B818-EF73-B4A806F3B38F" name="LOCATION">
<createdBy>Mustafa Khan</createdBy>
<createdTime>2024-05-02 07:11:08 UTC</createdTime>
<generatorID>1462331E-084E-A4BF-E32B-375FD18B5728</generatorID>
<ownerDesignName>pat_oraclemodel</ownerDesignName>
<allowColumnReorder>false</allowColumnReorder>
<existDependencyGenerateInDDl>true</existDependencyGenerateInDDl>
<parsed>true</parsed>
<columns itemClass="oracle.dbtools.crest.model.design.relational.Column">
<Column name="location_id" id="1EF51FA6-8AF7-DFCB-7662-DF3375442A43">
<createdBy>Mustafa Khan</createdBy>
<createdTime>2024-05-02 07:11:08 UTC</createdTime>
<commentInRDBMS><![CDATA[location id]]></commentInRDBMS>
<generatorID>4663E42F-E42B-F681-BE31-5E452F562E57</generatorID>
<ownerDesignName>pat_oraclemodel</ownerDesignName>
<useDomainConstraints>false</useDomainConstraints>
<use>1</use>
<logicalDatatype>LOGDT019</logicalDatatype>
<dataTypePrecision>2</dataTypePrecision>
<ownDataTypeParameters>,2,</ownDataTypeParameters>
<autoIncrementCycle>false</autoIncrementCycle>
</Column>
<Column name="location_name" id="27F57029-6B3F-8DB7-562E-C005EE239DD5">
<createdBy>Mustafa Khan</createdBy>
<createdTime>2024-05-02 07:11:08 UTC</createdTime>
<commentInRDBMS><![CDATA[location name]]></commentInRDBMS>
<generatorID>EA84B1D1-9C56-70C3-449D-E54E9D3C80E1</generatorID>
<ownerDesignName>pat_oraclemodel</ownerDesignName>
<useDomainConstraints>false</useDomainConstraints>
<use>1</use>
<logicalDatatype>LOGDT024</logicalDatatype>
<dataTypeSize>50</dataTypeSize>
<ownDataTypeParameters>50,,</ownDataTypeParameters>
<autoIncrementCycle>false</autoIncrementCycle>
</Column>
<Column name="location_type" id="EB1E627B-ECCD-2E81-9465-AB19D5B78000">
<createdBy>Mustafa Khan</createdBy>
<createdTime>2024-05-02 07:11:08 UTC</createdTime>
<commentInRDBMS><![CDATA[location type]]></commentInRDBMS>
<generatorID>68C878A3-66BC-A254-464C-01181289C67D</generatorID>
<ownerDesignName>pat_oraclemodel</ownerDesignName>
<useDomainConstraints>false</useDomainConstraints>
<use>1</use>
<logicalDatatype>LOGDT024</logicalDatatype>
<dataTypeSize>50</dataTypeSize>
<ownDataTypeParameters>50,,</ownDataTypeParameters>
<autoIncrementCycle>false</autoIncrementCycle>
</Column>
<Column name="location_address" id="C44B5CB7-4513-EBF4-5568-F7C15413AD65">
<createdBy>Mustafa Khan</createdBy>
<createdTime>2024-05-02 07:11:08 UTC</createdTime>
<commentInRDBMS><![CDATA[location address]]></commentInRDBMS>
<generatorID>CF0D6088-6FB3-0A22-F9B2-97973FC1EFA9</generatorID>
<ownerDesignName>pat_oraclemodel</ownerDesignName>
<useDomainConstraints>false</useDomainConstraints>
<use>1</use>
<logicalDatatype>LOGDT024</logicalDatatype>
<dataTypeSize>50</dataTypeSize>
<ownDataTypeParameters>50,,</ownDataTypeParameters>
<autoIncrementCycle>false</autoIncrementCycle>
</Column>
<Column name="trip_id" id="6FF940ED-FB09-CB83-E954-FC18B44DA34C">
<createdBy>Mustafa Khan</createdBy>
<createdTime>2024-05-02 07:11:08 UTC</createdTime>
<commentInRDBMS><![CDATA[trip_id]]></commentInRDBMS>
<generatorID>5DBCD43E-A432-D546-DAB0-394A1419B111</generatorID>
<ownerDesignName>pat_oraclemodel</ownerDesignName>
<useDomainConstraints>false</useDomainConstraints>
<use>1</use>
<logicalDatatype>LOGDT019</logicalDatatype>
<dataTypePrecision>4</dataTypePrecision>
<ownDataTypeParameters>,,</ownDataTypeParameters>
<previousColumn>false</previousColumn>
<autoIncrementCycle>false</autoIncrementCycle>
<associations>
<colAssociation fkAssociation="6238E8E8-2D61-C3E0-A876-89AD2E354821" referredColumn="C07B1624-AB87-05B2-C9CF-74725A7FD7C9"/>
</associations>
</Column>
</columns>
<indexes itemClass="oracle.dbtools.crest.model.design.relational.Index">
<ind_PK_UK id="CD6B9E1A-3CF2-246D-D20A-5A7176455DDD" name="LOCATION_PK">
<createdBy>Mustafa Khan</createdBy>
<createdTime>2024-05-02 07:11:08 UTC</createdTime>
<generatorID>9EF2DF18-7255-C4EA-F8EE-F9EF5804C790</generatorID>
<ownerDesignName>pat_oraclemodel</ownerDesignName>
<pk>true</pk>
<indexState>Primary Constraint</indexState>
<isSurrogateKey>false</isSurrogateKey>
<indexColumnUsage>
<colUsage columnID="1EF51FA6-8AF7-DFCB-7662-DF3375442A43"/>
</indexColumnUsage>
</ind_PK_UK>
<ind_PK_UK id="EAC4C0C6-9656-52AD-E529-3A398C296ACE" name="trip_location">
<createdBy>Mustafa Khan</createdBy>
<createdTime>2024-05-02 07:11:08 UTC</createdTime>
<generatorID>F252F5D6-71AE-3B83-078B-05BD234892FE</generatorID>
<ownerDesignName>pat_oraclemodel</ownerDesignName>
<indexState>Foreign Key</indexState>
<isSurrogateKey>false</isSurrogateKey>
<indexColumnUsage>
<colUsage columnID="6FF940ED-FB09-CB83-E954-FC18B44DA34C"/>
</indexColumnUsage>
</ind_PK_UK>
</indexes>
</Table>
