<?xml version = '1.0' encoding = 'UTF-8'?>
<Table class="oracle.dbtools.crest.model.design.relational.Table" directorySegmentName="seg_0" id="60068C1B-469C-C554-2D20-52B06214C18C" name="NOC">
<createdBy>Mustafa Khan</createdBy>
<createdTime>2024-05-02 07:11:08 UTC</createdTime>
<generatorID>B86E7CB4-10DE-CA1E-33D1-FBE7AE909FAA</generatorID>
<ownerDesignName>pat_oraclemodel</ownerDesignName>
<allowColumnReorder>false</allowColumnReorder>
<existDependencyGenerateInDDl>true</existDependencyGenerateInDDl>
<parsed>true</parsed>
<columns itemClass="oracle.dbtools.crest.model.design.relational.Column">
<Column name="noc_ioc_code" id="286870EB-6430-8266-D19F-CE8100507174">
<createdBy>Mustafa Khan</createdBy>
<createdTime>2024-05-02 07:11:08 UTC</createdTime>
<commentInRDBMS><![CDATA[noc_ioc_code]]></commentInRDBMS>
<generatorID>98E6E28B-4EE5-0495-8484-B6404A8382B0</generatorID>
<ownerDesignName>pat_oraclemodel</ownerDesignName>
<useDomainConstraints>false</useDomainConstraints>
<use>1</use>
<logicalDatatype>LOGDT024</logicalDatatype>
<dataTypeSize>50</dataTypeSize>
<ownDataTypeParameters>50,,</ownDataTypeParameters>
<autoIncrementCycle>false</autoIncrementCycle>
</Column>
<Column name="noc_country_region_name" id="D45F7695-8B54-50A4-B94E-49E9130E00B6">
<createdBy>Mustafa Khan</createdBy>
<createdTime>2024-05-02 07:11:08 UTC</createdTime>
<commentInRDBMS><![CDATA[noc_country_region_name]]></commentInRDBMS>
<generatorID>2654275D-CAE1-3D2C-71D1-4BF5F1B29EFA</generatorID>
<ownerDesignName>pat_oraclemodel</ownerDesignName>
<useDomainConstraints>false</useDomainConstraints>
<use>1</use>
<logicalDatatype>LOGDT024</logicalDatatype>
<dataTypeSize>50</dataTypeSize>
<ownDataTypeParameters>50,,</ownDataTypeParameters>
<autoIncrementCycle>false</autoIncrementCycle>
</Column>
<Column name="noc_population" id="1C11253C-F57F-3262-B82F-0CFD98FCD656">
<createdBy>Mustafa Khan</createdBy>
<createdTime>2024-05-02 07:11:08 UTC</createdTime>
<commentInRDBMS><![CDATA[noc_population]]></commentInRDBMS>
<generatorID>D8B38382-A4DA-8581-E967-5F7A5474B010</generatorID>
<ownerDesignName>pat_oraclemodel</ownerDesignName>
<useDomainConstraints>false</useDomainConstraints>
<use>1</use>
<logicalDatatype>LOGDT024</logicalDatatype>
<dataTypeSize>50</dataTypeSize>
<ownDataTypeParameters>50,,</ownDataTypeParameters>
<autoIncrementCycle>false</autoIncrementCycle>
</Column>
</columns>
<indexes itemClass="oracle.dbtools.crest.model.design.relational.Index">
<ind_PK_UK id="8B67BA22-395D-8923-5789-861F1A861C35" name="NATIONAL_OLYMPIC_COMMITTEE_(NOC)_PK">
<createdBy>Mustafa Khan</createdBy>
<createdTime>2024-05-02 07:11:08 UTC</createdTime>
<generatorID>77F937BD-014A-A482-A43C-E4A3CE1B7A7C</generatorID>
<ownerDesignName>pat_oraclemodel</ownerDesignName>
<pk>true</pk>
<indexState>Primary Constraint</indexState>
<isSurrogateKey>false</isSurrogateKey>
<indexColumnUsage>
<colUsage columnID="286870EB-6430-8266-D19F-CE8100507174"/>
</indexColumnUsage>
</ind_PK_UK>
</indexes>
</Table>
