<?xml version = '1.0' encoding = 'UTF-8'?>
<Table class="oracle.dbtools.crest.model.design.relational.Table" directorySegmentName="seg_0" id="6BA1518D-2324-4535-E8EC-4AC366F62288" name="DRIVER_TRAINING_COMPLETION">
<createdBy>Mustafa Khan</createdBy>
<createdTime>2024-05-02 07:11:08 UTC</createdTime>
<generatorID>08F29D73-B2F2-7F11-35DA-339C395BAEB9</generatorID>
<ownerDesignName>pat_oraclemodel</ownerDesignName>
<allowColumnReorder>false</allowColumnReorder>
<existDependencyGenerateInDDl>true</existDependencyGenerateInDDl>
<parsed>true</parsed>
<columns itemClass="oracle.dbtools.crest.model.design.relational.Column">
<Column name="driver_id" id="E77C7CEC-DB68-8F4A-C44F-CE1615D19D9E">
<createdBy>Mustafa Khan</createdBy>
<createdTime>2024-05-02 07:11:08 UTC</createdTime>
<commentInRDBMS><![CDATA[driver_id]]></commentInRDBMS>
<generatorID>35016247-4324-9A43-B11E-299794C5BFBF</generatorID>
<ownerDesignName>pat_oraclemodel</ownerDesignName>
<useDomainConstraints>false</useDomainConstraints>
<use>1</use>
<logicalDatatype>LOGDT019</logicalDatatype>
<dataTypePrecision>4</dataTypePrecision>
<ownDataTypeParameters>,,</ownDataTypeParameters>
<previousColumn>false</previousColumn>
<autoIncrementCycle>false</autoIncrementCycle>
<associations>
<colAssociation fkAssociation="65071E7A-35D9-AF09-85AC-7F97BC6B1B9E" referredColumn="E2FF5BB0-F6FB-3B53-84D1-38E5F0FE2C0F"/>
</associations>
</Column>
<Column name="dtc_completion_date" id="B975291E-71B0-D2C4-8395-11A2C696E20E">
<createdBy>Mustafa Khan</createdBy>
<createdTime>2024-05-02 07:11:08 UTC</createdTime>
<commentInRDBMS><![CDATA[dtc_completion_date]]></commentInRDBMS>
<generatorID>364E2BA3-DDC2-6B2E-772C-536CD60DD2F4</generatorID>
<ownerDesignName>pat_oraclemodel</ownerDesignName>
<useDomainConstraints>false</useDomainConstraints>
<use>1</use>
<logicalDatatype>LOGDT007</logicalDatatype>
<ownDataTypeParameters>,,</ownDataTypeParameters>
<autoIncrementCycle>false</autoIncrementCycle>
</Column>
<Column name="tm_code" id="0F8EDFFB-5259-3806-D9B4-3EAE806976EF">
<createdBy>Mustafa Khan</createdBy>
<createdTime>2024-05-02 07:11:08 UTC</createdTime>
<commentInRDBMS><![CDATA[tm_code]]></commentInRDBMS>
<generatorID>9E553172-4E4C-BE12-1D01-EA2537EB3333</generatorID>
<ownerDesignName>pat_oraclemodel</ownerDesignName>
<useDomainConstraints>false</useDomainConstraints>
<use>1</use>
<logicalDatatype>LOGDT019</logicalDatatype>
<dataTypePrecision>7</dataTypePrecision>
<ownDataTypeParameters>,,</ownDataTypeParameters>
<previousColumn>false</previousColumn>
<autoIncrementCycle>false</autoIncrementCycle>
<associations>
<colAssociation fkAssociation="24401681-F4A7-078D-5D9D-57DBF5ABA7F3" referredColumn="5D7845F4-4647-39AB-118A-4102ECF368C9"/>
</associations>
</Column>
</columns>
<indexes itemClass="oracle.dbtools.crest.model.design.relational.Index">
<ind_PK_UK id="43EE7B71-B773-4FEE-764A-3197ED76518E" name="DRIVER_TRAINING_COMPLETION_PK">
<createdBy>Mustafa Khan</createdBy>
<createdTime>2024-05-02 07:11:08 UTC</createdTime>
<generatorID>8CF77E65-0921-AA20-C20B-12DAD2451F96</generatorID>
<ownerDesignName>pat_oraclemodel</ownerDesignName>
<pk>true</pk>
<indexState>Primary Constraint</indexState>
<isSurrogateKey>false</isSurrogateKey>
<indexColumnUsage>
<colUsage columnID="E77C7CEC-DB68-8F4A-C44F-CE1615D19D9E"/>
<colUsage columnID="0F8EDFFB-5259-3806-D9B4-3EAE806976EF"/>
</indexColumnUsage>
</ind_PK_UK>
<ind_PK_UK id="5D3F8B27-3907-3881-77ED-4D93DBF57E88" name="driver_dtc">
<createdBy>Mustafa Khan</createdBy>
<createdTime>2024-05-02 07:11:08 UTC</createdTime>
<generatorID>1E403F41-4577-9E0F-1C1B-85FEF60599DF</generatorID>
<ownerDesignName>pat_oraclemodel</ownerDesignName>
<indexState>Foreign Key</indexState>
<isSurrogateKey>false</isSurrogateKey>
<indexColumnUsage>
<colUsage columnID="E77C7CEC-DB68-8F4A-C44F-CE1615D19D9E"/>
</indexColumnUsage>
</ind_PK_UK>
<ind_PK_UK id="B582FA26-C731-F6AB-152C-64F3E40238A1" name="tm_dtc">
<createdBy>Mustafa Khan</createdBy>
<createdTime>2024-05-02 07:11:08 UTC</createdTime>
<generatorID>48DC9E21-0DCB-16A7-F2AE-E296A66DF2AC</generatorID>
<ownerDesignName>pat_oraclemodel</ownerDesignName>
<indexState>Foreign Key</indexState>
<isSurrogateKey>false</isSurrogateKey>
<indexColumnUsage>
<colUsage columnID="0F8EDFFB-5259-3806-D9B4-3EAE806976EF"/>
</indexColumnUsage>
</ind_PK_UK>
</indexes>
</Table>
