<?xml version = '1.0' encoding = 'UTF-8'?>
<Table class="oracle.dbtools.crest.model.design.relational.Table" directorySegmentName="seg_0" id="7D1A8233-346D-081B-0D82-EBA5632DD216" name="DRIVER">
<createdBy>Mustafa Khan</createdBy>
<createdTime>2024-05-02 07:11:08 UTC</createdTime>
<generatorID>AAC77822-0927-24F2-C3C6-F015E0192590</generatorID>
<ownerDesignName>pat_oraclemodel</ownerDesignName>
<allowColumnReorder>false</allowColumnReorder>
<existDependencyGenerateInDDl>true</existDependencyGenerateInDDl>
<parsed>true</parsed>
<columns itemClass="oracle.dbtools.crest.model.design.relational.Column">
<Column name="driver_id" id="E2FF5BB0-F6FB-3B53-84D1-38E5F0FE2C0F">
<createdBy>Mustafa Khan</createdBy>
<createdTime>2024-05-02 07:11:08 UTC</createdTime>
<commentInRDBMS><![CDATA[driver_id]]></commentInRDBMS>
<generatorID>93F45E0F-3C59-3820-EEC5-F87E39EBFED7</generatorID>
<ownerDesignName>pat_oraclemodel</ownerDesignName>
<useDomainConstraints>false</useDomainConstraints>
<use>1</use>
<logicalDatatype>LOGDT019</logicalDatatype>
<dataTypePrecision>4</dataTypePrecision>
<ownDataTypeParameters>,4,</ownDataTypeParameters>
<autoIncrementCycle>false</autoIncrementCycle>
</Column>
<Column name="driver_given_name" id="54B8FDCD-22E6-3873-2CBE-CB65E4A9BCDD">
<createdBy>Mustafa Khan</createdBy>
<createdTime>2024-05-02 07:11:08 UTC</createdTime>
<commentInRDBMS><![CDATA[driver_given_name]]></commentInRDBMS>
<generatorID>0074CB59-EFF3-7656-CF27-0C99E152144B</generatorID>
<ownerDesignName>pat_oraclemodel</ownerDesignName>
<useDomainConstraints>false</useDomainConstraints>
<use>1</use>
<logicalDatatype>LOGDT024</logicalDatatype>
<dataTypeSize>50</dataTypeSize>
<ownDataTypeParameters>50,,</ownDataTypeParameters>
<autoIncrementCycle>false</autoIncrementCycle>
</Column>
<Column name="driver_family_name" id="805BCBFF-7A65-459D-0E35-1BFB54ABC02F">
<createdBy>Mustafa Khan</createdBy>
<createdTime>2024-05-02 07:11:08 UTC</createdTime>
<commentInRDBMS><![CDATA[driver_family_name]]></commentInRDBMS>
<generatorID>39CFE1CC-5E47-DF0D-0E7C-E20ABA554A3E</generatorID>
<ownerDesignName>pat_oraclemodel</ownerDesignName>
<useDomainConstraints>false</useDomainConstraints>
<use>1</use>
<logicalDatatype>LOGDT024</logicalDatatype>
<dataTypeSize>50</dataTypeSize>
<ownDataTypeParameters>50,,</ownDataTypeParameters>
<autoIncrementCycle>false</autoIncrementCycle>
</Column>
<Column name="driver_license_number" id="7BAA212B-872C-FA9F-B3C3-2E97BC833B63">
<createdBy>Mustafa Khan</createdBy>
<createdTime>2024-05-02 07:11:08 UTC</createdTime>
<commentInRDBMS><![CDATA[driver_license_number]]></commentInRDBMS>
<generatorID>757647E6-696C-84E2-FED8-C6B575592C64</generatorID>
<ownerDesignName>pat_oraclemodel</ownerDesignName>
<useDomainConstraints>false</useDomainConstraints>
<use>1</use>
<logicalDatatype>LOGDT024</logicalDatatype>
<dataTypeSize>7</dataTypeSize>
<ownDataTypeParameters>7,,</ownDataTypeParameters>
<autoIncrementCycle>false</autoIncrementCycle>
</Column>
<Column name="driver_date_of_birth" id="83AB0668-F474-06CB-605A-E0742E9B76B5">
<createdBy>Mustafa Khan</createdBy>
<createdTime>2024-05-02 07:11:08 UTC</createdTime>
<commentInRDBMS><![CDATA[driver_date_of_birth]]></commentInRDBMS>
<generatorID>97DE36D9-2A19-F43B-B1A3-D196C263AE0E</generatorID>
<ownerDesignName>pat_oraclemodel</ownerDesignName>
<useDomainConstraints>false</useDomainConstraints>
<use>1</use>
<logicalDatatype>LOGDT007</logicalDatatype>
<ownDataTypeParameters>,,</ownDataTypeParameters>
<autoIncrementCycle>false</autoIncrementCycle>
</Column>
<Column name="driver_sec_cl_lvl" id="E86CCA31-13B4-CA58-552F-9F6D535AD8A8">
<createdBy>Mustafa Khan</createdBy>
<createdTime>2024-05-02 07:11:08 UTC</createdTime>
<commentInRDBMS><![CDATA[driver_security_clearance_level,  F - Full,  R - Restricted]]></commentInRDBMS>
<generatorID>D4AD25BE-C31B-9C6E-9208-7BA5DB826D68</generatorID>
<ownerDesignName>pat_oraclemodel</ownerDesignName>
<constraintName>chk_driver_sec_cl_lvl</constraintName>
<useDomainConstraints>false</useDomainConstraints>
<use>1</use>
<logicalDatatype>LOGDT025</logicalDatatype>
<dataTypeSize>1</dataTypeSize>
<listOfValues>
<valueDef value="F" description="Full"/>
<valueDef value="R" description="Restricted"/>
</listOfValues>
<ownDataTypeParameters>1,,</ownDataTypeParameters>
<autoIncrementCycle>false</autoIncrementCycle>
</Column>
<Column name="driver_is_suspended" id="726FEF9C-3331-CCCC-267A-8121857B149E">
<createdBy>Mustafa Khan</createdBy>
<createdTime>2024-05-02 07:11:08 UTC</createdTime>
<commentInRDBMS><![CDATA[driver_is_suspended]]></commentInRDBMS>
<generatorID>94B63991-20E8-F4DA-4574-BE25F00A9865</generatorID>
<ownerDesignName>pat_oraclemodel</ownerDesignName>
<useDomainConstraints>false</useDomainConstraints>
<use>1</use>
<logicalDatatype>LOGDT025</logicalDatatype>
<dataTypeSize>1</dataTypeSize>
<ownDataTypeParameters>1,,</ownDataTypeParameters>
<autoIncrementCycle>false</autoIncrementCycle>
</Column>
<Column name="vehicle_vin" id="9CC684A7-14D0-49D9-FAC0-C553771ECCC0">
<createdBy>Mustafa Khan</createdBy>
<createdTime>2024-05-02 07:11:08 UTC</createdTime>
<commentInRDBMS><![CDATA[vehicle_vin]]></commentInRDBMS>
<generatorID>B1416662-4A52-E513-474C-64BEABC07A48</generatorID>
<ownerDesignName>pat_oraclemodel</ownerDesignName>
<useDomainConstraints>false</useDomainConstraints>
<use>1</use>
<logicalDatatype>LOGDT024</logicalDatatype>
<dataTypeSize>17</dataTypeSize>
<ownDataTypeParameters>17,,</ownDataTypeParameters>
<autoIncrementCycle>false</autoIncrementCycle>
</Column>
</columns>
<indexes itemClass="oracle.dbtools.crest.model.design.relational.Index">
<ind_PK_UK id="173D7A6A-8B92-9ACF-3CF7-04B4FC337510" name="DRIVER_PK">
<createdBy>Mustafa Khan</createdBy>
<createdTime>2024-05-02 07:11:08 UTC</createdTime>
<generatorID>EE49D534-0BF6-39EF-ABE4-537672D114C6</generatorID>
<ownerDesignName>pat_oraclemodel</ownerDesignName>
<pk>true</pk>
<indexState>Primary Constraint</indexState>
<isSurrogateKey>false</isSurrogateKey>
<indexColumnUsage>
<colUsage columnID="E2FF5BB0-F6FB-3B53-84D1-38E5F0FE2C0F"/>
</indexColumnUsage>
</ind_PK_UK>
</indexes>
</Table>
