<?xml version = '1.0' encoding = 'UTF-8'?>
<Table class="oracle.dbtools.crest.model.design.relational.Table" directorySegmentName="seg_0" id="7F7E49AF-4EDE-FFA0-C4C3-ECF47D9EF503" name="LANGUAGE">
<createdBy>Mustafa Khan</createdBy>
<createdTime>2024-05-02 07:11:08 UTC</createdTime>
<generatorID>5AE9CA08-1732-A818-1F65-292367F70551</generatorID>
<ownerDesignName>pat_oraclemodel</ownerDesignName>
<allowColumnReorder>false</allowColumnReorder>
<existDependencyGenerateInDDl>true</existDependencyGenerateInDDl>
<parsed>true</parsed>
<columns itemClass="oracle.dbtools.crest.model.design.relational.Column">
<Column name="language_iso639_1code" id="8A62313B-AA5C-BF1B-12C1-9FAFCED121DB">
<createdBy>Mustafa Khan</createdBy>
<createdTime>2024-05-02 07:11:08 UTC</createdTime>
<commentInRDBMS><![CDATA[language_iso639_1code]]></commentInRDBMS>
<generatorID>F37AC2D0-6A22-CB49-CF99-C2D609F5B2FD</generatorID>
<ownerDesignName>pat_oraclemodel</ownerDesignName>
<useDomainConstraints>false</useDomainConstraints>
<use>1</use>
<logicalDatatype>LOGDT024</logicalDatatype>
<dataTypeSize>8</dataTypeSize>
<ownDataTypeParameters>8,,</ownDataTypeParameters>
<autoIncrementCycle>false</autoIncrementCycle>
</Column>
<Column name="language_name" id="A71FB423-F8D2-D5E1-56A8-5163B7AD2FDB">
<createdBy>Mustafa Khan</createdBy>
<createdTime>2024-05-02 07:11:08 UTC</createdTime>
<commentInRDBMS><![CDATA[language_name]]></commentInRDBMS>
<generatorID>AE5849EF-2ADA-5423-370F-F89EA214429C</generatorID>
<ownerDesignName>pat_oraclemodel</ownerDesignName>
<useDomainConstraints>false</useDomainConstraints>
<use>1</use>
<logicalDatatype>LOGDT025</logicalDatatype>
<dataTypeSize>2</dataTypeSize>
<ownDataTypeParameters>2,,</ownDataTypeParameters>
<autoIncrementCycle>false</autoIncrementCycle>
</Column>
<Column name="driver_id" id="30FAEFD4-F27E-8490-050B-B2845C10F364">
<createdBy>Mustafa Khan</createdBy>
<createdTime>2024-05-02 07:11:08 UTC</createdTime>
<commentInRDBMS><![CDATA[driver_id]]></commentInRDBMS>
<generatorID>D46F997A-FA9A-959A-4C13-B3DDA3A92EAC</generatorID>
<ownerDesignName>pat_oraclemodel</ownerDesignName>
<useDomainConstraints>false</useDomainConstraints>
<use>1</use>
<logicalDatatype>LOGDT019</logicalDatatype>
<dataTypePrecision>4</dataTypePrecision>
<ownDataTypeParameters>,,</ownDataTypeParameters>
<previousColumn>false</previousColumn>
<autoIncrementCycle>false</autoIncrementCycle>
<associations>
<colAssociation fkAssociation="D7059CAA-23C8-E2E5-84A9-1462BAD20ABA" referredColumn="E2FF5BB0-F6FB-3B53-84D1-38E5F0FE2C0F"/>
</associations>
</Column>
</columns>
<indexes itemClass="oracle.dbtools.crest.model.design.relational.Index">
<ind_PK_UK id="8440F8AC-BAF5-0998-5640-0D6E5F7ECC49" name="LANGUAGE_PK">
<createdBy>Mustafa Khan</createdBy>
<createdTime>2024-05-02 07:11:08 UTC</createdTime>
<generatorID>3FB28097-571C-D1BE-073B-D7DA1E747095</generatorID>
<ownerDesignName>pat_oraclemodel</ownerDesignName>
<pk>true</pk>
<indexState>Primary Constraint</indexState>
<isSurrogateKey>false</isSurrogateKey>
<indexColumnUsage>
<colUsage columnID="8A62313B-AA5C-BF1B-12C1-9FAFCED121DB"/>
<colUsage columnID="30FAEFD4-F27E-8490-050B-B2845C10F364"/>
</indexColumnUsage>
</ind_PK_UK>
<ind_PK_UK id="F9528C35-67B1-D106-0065-DCCDB79171F4" name="driver_language">
<createdBy>Mustafa Khan</createdBy>
<createdTime>2024-05-02 07:11:08 UTC</createdTime>
<generatorID>440B6821-C3ED-FD31-78F9-B81366879EB3</generatorID>
<ownerDesignName>pat_oraclemodel</ownerDesignName>
<indexState>Foreign Key</indexState>
<isSurrogateKey>false</isSurrogateKey>
<indexColumnUsage>
<colUsage columnID="30FAEFD4-F27E-8490-050B-B2845C10F364"/>
</indexColumnUsage>
</ind_PK_UK>
</indexes>
</Table>
