<?xml version = '1.0' encoding = 'UTF-8'?>
<Table class="oracle.dbtools.crest.model.design.relational.Table" directorySegmentName="seg_0" id="827A109C-74DC-4A5D-7A93-56975A2221F6" name="TRIP">
<createdBy>Mustafa Khan</createdBy>
<createdTime>2024-05-02 07:11:08 UTC</createdTime>
<generatorID>78D62C3E-6B97-56A3-9EDA-9601E32DF821</generatorID>
<ownerDesignName>pat_oraclemodel</ownerDesignName>
<allowColumnReorder>false</allowColumnReorder>
<existDependencyGenerateInDDl>true</existDependencyGenerateInDDl>
<parsed>true</parsed>
<columns itemClass="oracle.dbtools.crest.model.design.relational.Column">
<Column name="vehicle_vin" id="F81AEDF3-2447-F930-953E-2A08014D4962">
<createdBy>Mustafa Khan</createdBy>
<createdTime>2024-05-02 07:11:08 UTC</createdTime>
<commentInRDBMS><![CDATA[vehicle_vin]]></commentInRDBMS>
<generatorID>845963AC-D9D0-B4FC-708B-A47E71C69C6F</generatorID>
<ownerDesignName>pat_oraclemodel</ownerDesignName>
<useDomainConstraints>false</useDomainConstraints>
<use>1</use>
<logicalDatatype>LOGDT024</logicalDatatype>
<dataTypeSize>17</dataTypeSize>
<ownDataTypeParameters>,,</ownDataTypeParameters>
<previousColumn>false</previousColumn>
<autoIncrementCycle>false</autoIncrementCycle>
<associations>
<colAssociation fkAssociation="CA9C9358-3918-9A54-B944-F8F2CDCC57E1" referredColumn="A9E80FE9-8C76-8849-8C1B-B6C46E2CF029"/>
</associations>
</Column>
<Column name="trip_number_of_passengers" id="384E98C2-C8CD-AF3E-42A7-34B306B10926">
<createdBy>Mustafa Khan</createdBy>
<createdTime>2024-05-02 07:11:08 UTC</createdTime>
<commentInRDBMS><![CDATA[trip_number_of_passengers]]></commentInRDBMS>
<generatorID>E9D05729-F097-67EE-FE92-0C9DE011345F</generatorID>
<ownerDesignName>pat_oraclemodel</ownerDesignName>
<useDomainConstraints>false</useDomainConstraints>
<use>1</use>
<logicalDatatype>LOGDT019</logicalDatatype>
<dataTypePrecision>2</dataTypePrecision>
<ownDataTypeParameters>,2,</ownDataTypeParameters>
<autoIncrementCycle>false</autoIncrementCycle>
</Column>
<Column name="trip_int_pick_up_date_time" id="CB6945EA-2C8B-1C08-E986-6649DC35D494">
<createdBy>Mustafa Khan</createdBy>
<createdTime>2024-05-02 07:11:08 UTC</createdTime>
<commentInRDBMS><![CDATA[trip_intended_pick_up_date_time]]></commentInRDBMS>
<generatorID>C106B709-80C3-59AD-A55D-44853054ECB3</generatorID>
<ownerDesignName>pat_oraclemodel</ownerDesignName>
<useDomainConstraints>false</useDomainConstraints>
<use>1</use>
<logicalDatatype>LOGDT007</logicalDatatype>
<ownDataTypeParameters>,,</ownDataTypeParameters>
<autoIncrementCycle>false</autoIncrementCycle>
</Column>
<Column name="trip_int_drop_off_date_time" id="C8ED5B20-52F0-34AA-E7F2-3724F3CA9A11">
<createdBy>Mustafa Khan</createdBy>
<createdTime>2024-05-02 07:11:08 UTC</createdTime>
<commentInRDBMS><![CDATA[trip_intended_drop_off_date_time]]></commentInRDBMS>
<generatorID>9BFED051-94F6-69DE-1A91-078036B96AE3</generatorID>
<ownerDesignName>pat_oraclemodel</ownerDesignName>
<useDomainConstraints>false</useDomainConstraints>
<use>1</use>
<logicalDatatype>LOGDT007</logicalDatatype>
<ownDataTypeParameters>,,</ownDataTypeParameters>
<autoIncrementCycle>false</autoIncrementCycle>
</Column>
<Column name="trip_id" id="C07B1624-AB87-05B2-C9CF-74725A7FD7C9">
<createdBy>Mustafa Khan</createdBy>
<createdTime>2024-05-02 07:11:08 UTC</createdTime>
<commentInRDBMS><![CDATA[trip_id]]></commentInRDBMS>
<generatorID>1EACD668-33AC-CEB3-8659-4BB91C5F6055</generatorID>
<ownerDesignName>pat_oraclemodel</ownerDesignName>
<useDomainConstraints>false</useDomainConstraints>
<use>1</use>
<logicalDatatype>LOGDT019</logicalDatatype>
<dataTypePrecision>4</dataTypePrecision>
<ownDataTypeParameters>,4,</ownDataTypeParameters>
<autoIncrementCycle>false</autoIncrementCycle>
</Column>
<Column name="trip_actual_pick_up_date_time" id="447B8546-C3A3-418F-ECDC-0D432CCB0998">
<createdBy>Mustafa Khan</createdBy>
<createdTime>2024-05-02 07:11:08 UTC</createdTime>
<commentInRDBMS><![CDATA[trip_actual_pick_up_date_time]]></commentInRDBMS>
<generatorID>771D0CB9-95A5-8774-1A92-63E4252BC8C1</generatorID>
<ownerDesignName>pat_oraclemodel</ownerDesignName>
<useDomainConstraints>false</useDomainConstraints>
<use>1</use>
<logicalDatatype>LOGDT007</logicalDatatype>
<ownDataTypeParameters>,,</ownDataTypeParameters>
<autoIncrementCycle>false</autoIncrementCycle>
</Column>
<Column name="trip_actual_drop_off_date_time" id="3C9AA714-93C3-4E5C-4A6C-9E7D86DDB38E">
<createdBy>Mustafa Khan</createdBy>
<createdTime>2024-05-02 07:11:08 UTC</createdTime>
<commentInRDBMS><![CDATA[trip_actual_drop_off_date_time]]></commentInRDBMS>
<generatorID>4ED5AC44-F633-8256-C2BA-1A562CFAEA2D</generatorID>
<ownerDesignName>pat_oraclemodel</ownerDesignName>
<useDomainConstraints>false</useDomainConstraints>
<use>1</use>
<logicalDatatype>LOGDT007</logicalDatatype>
<ownDataTypeParameters>,,</ownDataTypeParameters>
<autoIncrementCycle>false</autoIncrementCycle>
</Column>
<Column name="official_olymic_id" id="EB65FC59-D19A-F43C-B5B7-54C8E0849BBF">
<createdBy>Mustafa Khan</createdBy>
<createdTime>2024-05-02 07:11:08 UTC</createdTime>
<commentInRDBMS><![CDATA[official_olymic_id]]></commentInRDBMS>
<generatorID>FBDCAAD2-CAAB-7ADF-0E40-406D19438775</generatorID>
<ownerDesignName>pat_oraclemodel</ownerDesignName>
<useDomainConstraints>false</useDomainConstraints>
<use>1</use>
<logicalDatatype>LOGDT024</logicalDatatype>
<dataTypeSize>7</dataTypeSize>
<ownDataTypeParameters>,,</ownDataTypeParameters>
<previousColumn>false</previousColumn>
<autoIncrementCycle>false</autoIncrementCycle>
<associations>
<colAssociation fkAssociation="E15FE7E2-90D1-64E8-C8EC-5EDFD132C35B" referredColumn="61CBF1FB-C0B0-65A1-2EF9-4DBC05DE6601"/>
</associations>
</Column>
<Column name="driver_id" id="8ECF6AD1-0E43-68C5-428C-42BA2FFC492D">
<createdBy>Mustafa Khan</createdBy>
<createdTime>2024-05-02 07:11:08 UTC</createdTime>
<commentInRDBMS><![CDATA[driver_id]]></commentInRDBMS>
<generatorID>361D7A7F-D925-34EC-01B5-CEDC382466E3</generatorID>
<ownerDesignName>pat_oraclemodel</ownerDesignName>
<useDomainConstraints>false</useDomainConstraints>
<use>1</use>
<logicalDatatype>LOGDT019</logicalDatatype>
<dataTypePrecision>4</dataTypePrecision>
<ownDataTypeParameters>,,</ownDataTypeParameters>
<previousColumn>false</previousColumn>
<autoIncrementCycle>false</autoIncrementCycle>
<associations>
<colAssociation fkAssociation="B5B15777-73B9-6E9B-9F4B-A4E47F2D1FEA" referredColumn="E2FF5BB0-F6FB-3B53-84D1-38E5F0FE2C0F"/>
</associations>
</Column>
</columns>
<indexes itemClass="oracle.dbtools.crest.model.design.relational.Index">
<ind_PK_UK id="E39147B2-B585-2593-4FFC-3AADD6783FC8" name="TRIP_PK">
<createdBy>Mustafa Khan</createdBy>
<createdTime>2024-05-02 07:11:08 UTC</createdTime>
<generatorID>91D79254-48F9-F17C-A714-DD5844CF8599</generatorID>
<ownerDesignName>pat_oraclemodel</ownerDesignName>
<pk>true</pk>
<indexState>Primary Constraint</indexState>
<isSurrogateKey>false</isSurrogateKey>
<indexColumnUsage>
<colUsage columnID="C07B1624-AB87-05B2-C9CF-74725A7FD7C9"/>
</indexColumnUsage>
</ind_PK_UK>
<ind_PK_UK id="1EF5386F-5915-DE58-718B-8A90E04D17E6" name="TRIP_NK">
<createdBy>Mustafa Khan</createdBy>
<createdTime>2024-05-02 07:11:08 UTC</createdTime>
<generatorID>E476A3C1-4C11-333B-8FC4-2D3892F26373</generatorID>
<ownerDesignName>pat_oraclemodel</ownerDesignName>
<indexState>Unique Constraint</indexState>
<isSurrogateKey>false</isSurrogateKey>
<indexColumnUsage>
<colUsage columnID="F81AEDF3-2447-F930-953E-2A08014D4962"/>
<colUsage columnID="EB65FC59-D19A-F43C-B5B7-54C8E0849BBF"/>
<colUsage columnID="8ECF6AD1-0E43-68C5-428C-42BA2FFC492D"/>
</indexColumnUsage>
</ind_PK_UK>
<ind_PK_UK id="2F2F526E-809E-D214-BA70-7DB083B8FE2B" name="driver_trip">
<createdBy>Mustafa Khan</createdBy>
<createdTime>2024-05-02 07:11:08 UTC</createdTime>
<generatorID>0A77BCFD-4E5C-E506-662D-AB299EADFB24</generatorID>
<ownerDesignName>pat_oraclemodel</ownerDesignName>
<indexState>Foreign Key</indexState>
<isSurrogateKey>false</isSurrogateKey>
<indexColumnUsage>
<colUsage columnID="8ECF6AD1-0E43-68C5-428C-42BA2FFC492D"/>
</indexColumnUsage>
</ind_PK_UK>
<ind_PK_UK id="48BB4AA7-CEB4-8BC5-4CB6-DAEEB1CA83A4" name="official_trip">
<createdBy>Mustafa Khan</createdBy>
<createdTime>2024-05-02 07:11:08 UTC</createdTime>
<generatorID>5B1378B9-C470-BEFD-BB80-A705670397FE</generatorID>
<ownerDesignName>pat_oraclemodel</ownerDesignName>
<indexState>Foreign Key</indexState>
<isSurrogateKey>false</isSurrogateKey>
<indexColumnUsage>
<colUsage columnID="EB65FC59-D19A-F43C-B5B7-54C8E0849BBF"/>
</indexColumnUsage>
</ind_PK_UK>
<ind_PK_UK id="E19CCD86-635F-9BA3-8672-3E6E53697DAE" name="vehicle_trip">
<createdBy>Mustafa Khan</createdBy>
<createdTime>2024-05-02 07:11:08 UTC</createdTime>
<generatorID>90FCE4E4-F8E1-96AC-2B87-3C04F20DCBFA</generatorID>
<ownerDesignName>pat_oraclemodel</ownerDesignName>
<indexState>Foreign Key</indexState>
<isSurrogateKey>false</isSurrogateKey>
<indexColumnUsage>
<colUsage columnID="F81AEDF3-2447-F930-953E-2A08014D4962"/>
</indexColumnUsage>
</ind_PK_UK>
</indexes>
</Table>
