<?xml version = '1.0' encoding = 'UTF-8'?>
<Table class="oracle.dbtools.crest.model.design.relational.Table" directorySegmentName="seg_0" id="96E010DD-E7C9-5D38-9F86-21F7041CA3A5" name="FEATURE">
<createdBy>Mustafa Khan</createdBy>
<createdTime>2024-05-02 07:11:08 UTC</createdTime>
<generatorID>9CB00917-8AF1-A08A-4029-21F2773F6CD3</generatorID>
<ownerDesignName>pat_oraclemodel</ownerDesignName>
<allowColumnReorder>false</allowColumnReorder>
<existDependencyGenerateInDDl>true</existDependencyGenerateInDDl>
<parsed>true</parsed>
<columns itemClass="oracle.dbtools.crest.model.design.relational.Column">
<Column name="feature_boot_space" id="22D8B22F-18B4-4FC5-F13F-03C03B42E8A4">
<createdBy>Mustafa Khan</createdBy>
<createdTime>2024-05-02 07:11:08 UTC</createdTime>
<commentInRDBMS><![CDATA[feature_boot_space]]></commentInRDBMS>
<generatorID>2A40279A-FA9F-2B8B-BD1E-4A48D75A3791</generatorID>
<ownerDesignName>pat_oraclemodel</ownerDesignName>
<useDomainConstraints>false</useDomainConstraints>
<use>1</use>
<logicalDatatype>LOGDT024</logicalDatatype>
<dataTypeSize>50</dataTypeSize>
<ownDataTypeParameters>50,,</ownDataTypeParameters>
<autoIncrementCycle>false</autoIncrementCycle>
</Column>
<Column name="feature_plating" id="42FB16A3-2309-E7CE-4D02-7C46EAE8C6B2">
<createdBy>Mustafa Khan</createdBy>
<createdTime>2024-05-02 07:11:08 UTC</createdTime>
<commentInRDBMS><![CDATA[feature_plating]]></commentInRDBMS>
<generatorID>2A8F9F66-8F90-CBA2-CDFC-4E6C49625E17</generatorID>
<ownerDesignName>pat_oraclemodel</ownerDesignName>
<useDomainConstraints>false</useDomainConstraints>
<use>1</use>
<logicalDatatype>LOGDT024</logicalDatatype>
<dataTypeSize>50</dataTypeSize>
<ownDataTypeParameters>50,,</ownDataTypeParameters>
<autoIncrementCycle>false</autoIncrementCycle>
</Column>
<Column name="feature_blackout" id="9B2261DF-BBF3-E213-8087-6BCF5E4318E4">
<createdBy>Mustafa Khan</createdBy>
<createdTime>2024-05-02 07:11:08 UTC</createdTime>
<commentInRDBMS><![CDATA[feature_blackout]]></commentInRDBMS>
<generatorID>F0EDB8AB-BFC9-9110-155C-6DF2EADF5F52</generatorID>
<ownerDesignName>pat_oraclemodel</ownerDesignName>
<useDomainConstraints>false</useDomainConstraints>
<use>1</use>
<logicalDatatype>LOGDT024</logicalDatatype>
<dataTypeSize>50</dataTypeSize>
<ownDataTypeParameters>50,,</ownDataTypeParameters>
<autoIncrementCycle>false</autoIncrementCycle>
</Column>
<Column name="feature_mobile_wifi" id="BC359051-7C9D-F9DD-1472-DB59298131D4">
<createdBy>Mustafa Khan</createdBy>
<createdTime>2024-05-02 07:11:08 UTC</createdTime>
<commentInRDBMS><![CDATA[feature_mobile_wifi]]></commentInRDBMS>
<generatorID>8CC8404D-0663-DD86-2CE4-6D05717A8185</generatorID>
<ownerDesignName>pat_oraclemodel</ownerDesignName>
<useDomainConstraints>false</useDomainConstraints>
<use>1</use>
<logicalDatatype>LOGDT025</logicalDatatype>
<dataTypeSize>1</dataTypeSize>
<ownDataTypeParameters>1,,</ownDataTypeParameters>
<autoIncrementCycle>false</autoIncrementCycle>
</Column>
<Column name="feature_electric_tail_lift" id="CFD4DEB9-6B79-4353-35DD-AE2DD7C3A372">
<createdBy>Mustafa Khan</createdBy>
<createdTime>2024-05-02 07:11:08 UTC</createdTime>
<commentInRDBMS><![CDATA[feature_electric_tail_lift]]></commentInRDBMS>
<generatorID>AB1B7AE1-B7B2-AB24-1650-91A634FE288A</generatorID>
<ownerDesignName>pat_oraclemodel</ownerDesignName>
<useDomainConstraints>false</useDomainConstraints>
<use>1</use>
<logicalDatatype>LOGDT025</logicalDatatype>
<dataTypeSize>1</dataTypeSize>
<ownDataTypeParameters>1,,</ownDataTypeParameters>
<autoIncrementCycle>false</autoIncrementCycle>
</Column>
<Column name="feature_carry" id="A6224823-A59E-D39B-EC37-A9951C715034">
<createdBy>Mustafa Khan</createdBy>
<createdTime>2024-05-02 07:11:08 UTC</createdTime>
<commentInRDBMS><![CDATA[feature_carry]]></commentInRDBMS>
<generatorID>3830AABF-AB72-D428-C775-1104C008165A</generatorID>
<ownerDesignName>pat_oraclemodel</ownerDesignName>
<useDomainConstraints>false</useDomainConstraints>
<use>1</use>
<logicalDatatype>LOGDT024</logicalDatatype>
<dataTypeSize>50</dataTypeSize>
<ownDataTypeParameters>50,,</ownDataTypeParameters>
<autoIncrementCycle>false</autoIncrementCycle>
</Column>
<Column name="feature_GPS" id="1F7848DC-2EE8-AC20-CE42-3CAF23DE92C5">
<createdBy>Mustafa Khan</createdBy>
<createdTime>2024-05-02 07:11:08 UTC</createdTime>
<commentInRDBMS><![CDATA[feature_GPS]]></commentInRDBMS>
<generatorID>77B1AEAD-1BBD-E8F7-BA22-82768B2DF79E</generatorID>
<ownerDesignName>pat_oraclemodel</ownerDesignName>
<useDomainConstraints>false</useDomainConstraints>
<use>1</use>
<logicalDatatype>LOGDT025</logicalDatatype>
<dataTypeSize>1</dataTypeSize>
<ownDataTypeParameters>1,,</ownDataTypeParameters>
<autoIncrementCycle>false</autoIncrementCycle>
</Column>
<Column name="vehicle_vin" id="E70F6CE5-F9A7-1330-65C7-8576B1BF4DBB">
<createdBy>Mustafa Khan</createdBy>
<createdTime>2024-05-02 07:11:08 UTC</createdTime>
<commentInRDBMS><![CDATA[vehicle_vin]]></commentInRDBMS>
<generatorID>ED74E25A-4F7E-104C-6E10-7C9D8DF87CB1</generatorID>
<ownerDesignName>pat_oraclemodel</ownerDesignName>
<useDomainConstraints>false</useDomainConstraints>
<use>1</use>
<logicalDatatype>LOGDT024</logicalDatatype>
<dataTypeSize>17</dataTypeSize>
<ownDataTypeParameters>,,</ownDataTypeParameters>
<previousColumn>false</previousColumn>
<autoIncrementCycle>false</autoIncrementCycle>
<associations>
<colAssociation fkAssociation="5BF2DA51-19A0-B4FD-B8A4-19BFDF929445" referredColumn="A9E80FE9-8C76-8849-8C1B-B6C46E2CF029"/>
</associations>
</Column>
<Column name="features_id" id="316D6836-814D-6AA2-AB34-628C14280DA1">
<createdBy>Mustafa Khan</createdBy>
<createdTime>2024-05-02 07:11:08 UTC</createdTime>
<commentInRDBMS><![CDATA[features_id]]></commentInRDBMS>
<generatorID>4EEA2C92-8279-A2EA-AB90-54AEE6ABB700</generatorID>
<ownerDesignName>pat_oraclemodel</ownerDesignName>
<useDomainConstraints>false</useDomainConstraints>
<use>1</use>
<logicalDatatype>LOGDT019</logicalDatatype>
<dataTypePrecision>8</dataTypePrecision>
<ownDataTypeParameters>,,</ownDataTypeParameters>
<previousColumn>false</previousColumn>
<autoIncrementCycle>false</autoIncrementCycle>
<associations>
<colAssociation fkAssociation="1C8AA386-118B-4473-15E8-812E66416425" referredColumn="DA7ED362-C768-A1F4-862F-519E6D6DE51C"/>
</associations>
</Column>
</columns>
<indexes itemClass="oracle.dbtools.crest.model.design.relational.Index">
<ind_PK_UK id="39C1C1FB-4E9B-7D99-8142-8E7DDFC531B1" name="FEATURE_PK">
<createdBy>Mustafa Khan</createdBy>
<createdTime>2024-05-02 07:11:08 UTC</createdTime>
<generatorID>C31A1876-1244-92CA-46DA-D2005B17D9B7</generatorID>
<ownerDesignName>pat_oraclemodel</ownerDesignName>
<pk>true</pk>
<indexState>Primary Constraint</indexState>
<isSurrogateKey>false</isSurrogateKey>
<indexColumnUsage>
<colUsage columnID="E70F6CE5-F9A7-1330-65C7-8576B1BF4DBB"/>
</indexColumnUsage>
</ind_PK_UK>
<ind_PK_UK id="901E807B-AB83-81B1-D5AC-5514075C66C1" name="FEATURES_ADDITION">
<createdBy>Mustafa Khan</createdBy>
<createdTime>2024-05-02 07:11:08 UTC</createdTime>
<generatorID>70512951-6A6F-BB25-4B1B-72DE4B268A62</generatorID>
<ownerDesignName>pat_oraclemodel</ownerDesignName>
<indexState>Foreign Key</indexState>
<isSurrogateKey>false</isSurrogateKey>
<indexColumnUsage>
<colUsage columnID="316D6836-814D-6AA2-AB34-628C14280DA1"/>
</indexColumnUsage>
</ind_PK_UK>
<ind_PK_UK id="718BE814-2857-F778-90AB-822CBE66A652" name="vehicle_features">
<createdBy>Mustafa Khan</createdBy>
<createdTime>2024-05-02 07:11:08 UTC</createdTime>
<generatorID>EEAEBD0C-DDF9-B2B6-DF02-ACA7F055D4CA</generatorID>
<ownerDesignName>pat_oraclemodel</ownerDesignName>
<indexState>Foreign Key</indexState>
<isSurrogateKey>false</isSurrogateKey>
<indexColumnUsage>
<colUsage columnID="E70F6CE5-F9A7-1330-65C7-8576B1BF4DBB"/>
</indexColumnUsage>
</ind_PK_UK>
</indexes>
</Table>
