<?xml version = '1.0' encoding = 'UTF-8'?>
<Relation class="oracle.dbtools.crest.model.design.logical.Relation" name="driver_trip" directorySegmentName="seg_0" id="0A77BCFD-4E5C-E506-662D-AB299EADFB24">
<createdBy>ruey</createdBy>
<createdTime>2024-05-02 05:42:15 UTC</createdTime>
<ownerDesignName>pat_oraclemodel</ownerDesignName>
<engineerTo>
<item key="40829BE0-4E74-AA94-DA7F-4DCD4F7E43DB" value="true"/>
</engineerTo>
<sourcePk>EE49D534-0BF6-39EF-ABE4-537672D114C6</sourcePk>
<identifying>false</identifying>
<nameOnSource>matched</nameOnSource>
<nameOnTarget> </nameOnTarget>
<optionalSource>false</optionalSource>
<optionalTarget>false</optionalTarget>
<sourceCardinality>1</sourceCardinality>
<sourceEntity>AAC77822-0927-24F2-C3C6-F015E0192590</sourceEntity>
<targetCardinalityString>*</targetCardinalityString>
<targetEntity>78D62C3E-6B97-56A3-9EDA-9601E32DF821</targetEntity>
<transferable>true</transferable>
<deleteRule>NO ACTION</deleteRule>
</Relation>
