<?xml version = '1.0' encoding = 'UTF-8'?>
<Relation class="oracle.dbtools.crest.model.design.logical.Relation" name="driver_dtc" directorySegmentName="seg_0" id="1E403F41-4577-9E0F-1C1B-85FEF60599DF">
<createdBy>ruey</createdBy>
<createdTime>2024-05-02 05:41:29 UTC</createdTime>
<ownerDesignName>pat_oraclemodel</ownerDesignName>
<engineerTo>
<item key="40829BE0-4E74-AA94-DA7F-4DCD4F7E43DB" value="true"/>
</engineerTo>
<sourcePk>EE49D534-0BF6-39EF-ABE4-537672D114C6</sourcePk>
<identifying>true</identifying>
<nameOnSource>completes</nameOnSource>
<nameOnTarget> </nameOnTarget>
<optionalSource>false</optionalSource>
<optionalTarget>false</optionalTarget>
<sourceCardinality>1</sourceCardinality>
<sourceEntity>AAC77822-0927-24F2-C3C6-F015E0192590</sourceEntity>
<targetCardinalityString>*</targetCardinalityString>
<targetEntity>08F29D73-B2F2-7F11-35DA-339C395BAEB9</targetEntity>
<transferable>true</transferable>
<deleteRule>NO ACTION</deleteRule>
</Relation>
