<?xml version = '1.0' encoding = 'UTF-8'?>
<Relation class="oracle.dbtools.crest.model.design.logical.Relation" name="driver_language" directorySegmentName="seg_0" id="440B6821-C3ED-FD31-78F9-B81366879EB3">
<createdBy>ruey</createdBy>
<createdTime>2024-05-02 05:45:13 UTC</createdTime>
<ownerDesignName>pat_oraclemodel</ownerDesignName>
<engineerTo>
<item key="40829BE0-4E74-AA94-DA7F-4DCD4F7E43DB" value="true"/>
</engineerTo>
<sourcePk>EE49D534-0BF6-39EF-ABE4-537672D114C6</sourcePk>
<identifying>true</identifying>
<nameOnSource>selects</nameOnSource>
<nameOnTarget> </nameOnTarget>
<optionalSource>false</optionalSource>
<optionalTarget>false</optionalTarget>
<sourceCardinality>1</sourceCardinality>
<sourceEntity>AAC77822-0927-24F2-C3C6-F015E0192590</sourceEntity>
<targetCardinalityString>*</targetCardinalityString>
<targetEntity>5AE9CA08-1732-A818-1F65-292367F70551</targetEntity>
<transferable>true</transferable>
<deleteRule>NO ACTION</deleteRule>
</Relation>
