<?xml version = '1.0' encoding = 'UTF-8'?>
<Relation class="oracle.dbtools.crest.model.design.logical.Relation" name="tm_dtc" directorySegmentName="seg_0" id="48DC9E21-0DCB-16A7-F2AE-E296A66DF2AC">
<createdBy>ruey</createdBy>
<createdTime>2024-05-02 05:41:00 UTC</createdTime>
<ownerDesignName>pat_oraclemodel</ownerDesignName>
<engineerTo>
<item key="40829BE0-4E74-AA94-DA7F-4DCD4F7E43DB" value="true"/>
</engineerTo>
<sourcePk>15E842AF-23C4-124D-A607-9B90F7CA0C65</sourcePk>
<identifying>true</identifying>
<nameOnSource>completes</nameOnSource>
<nameOnTarget> </nameOnTarget>
<optionalSource>false</optionalSource>
<optionalTarget>false</optionalTarget>
<sourceCardinality>1</sourceCardinality>
<sourceEntity>114483A6-074F-D54C-BCCA-667083189B33</sourceEntity>
<targetCardinalityString>*</targetCardinalityString>
<targetEntity>08F29D73-B2F2-7F11-35DA-339C395BAEB9</targetEntity>
<transferable>true</transferable>
<deleteRule>NO ACTION</deleteRule>
</Relation>
