<?xml version = '1.0' encoding = 'UTF-8'?>
<Relation class="oracle.dbtools.crest.model.design.logical.Relation" name="official_trip" directorySegmentName="seg_0" id="5B1378B9-C470-BEFD-BB80-A705670397FE">
<createdBy>ruey</createdBy>
<createdTime>2024-05-02 05:43:57 UTC</createdTime>
<ownerDesignName>pat_oraclemodel</ownerDesignName>
<engineerTo>
<item key="40829BE0-4E74-AA94-DA7F-4DCD4F7E43DB" value="true"/>
</engineerTo>
<sourcePk>D3432EDA-6356-8BD5-D572-444D8EDB0837</sourcePk>
<identifying>false</identifying>
<nameOnSource>books</nameOnSource>
<nameOnTarget> </nameOnTarget>
<optionalSource>false</optionalSource>
<optionalTarget>false</optionalTarget>
<sourceCardinality>1</sourceCardinality>
<sourceEntity>21BE6F84-85CB-8B56-4BB7-E3D368A2D73B</sourceEntity>
<targetCardinalityString>*</targetCardinalityString>
<targetEntity>78D62C3E-6B97-56A3-9EDA-9601E32DF821</targetEntity>
<transferable>true</transferable>
<deleteRule>NO ACTION</deleteRule>
</Relation>
