<?xml version = '1.0' encoding = 'UTF-8'?>
<Relation class="oracle.dbtools.crest.model.design.logical.Relation" name="FEATURES_ADDITION" directorySegmentName="seg_0" id="70512951-6A6F-BB25-4B1B-72DE4B268A62">
<createdBy>Mustafa Khan</createdBy>
<createdTime>2024-05-02 06:57:20 UTC</createdTime>
<ownerDesignName>pat_oraclemodel</ownerDesignName>
<engineerTo>
<item key="40829BE0-4E74-AA94-DA7F-4DCD4F7E43DB" value="true"/>
</engineerTo>
<sourcePk>71EF79A8-FC24-AF79-F788-19A99BDC0B2A</sourcePk>
<identifying>false</identifying>
<nameOnSource>adds</nameOnSource>
<nameOnTarget> </nameOnTarget>
<optionalSource>true</optionalSource>
<optionalTarget>false</optionalTarget>
<sourceCardinality>1</sourceCardinality>
<sourceEntity>1F55FB33-2C37-03F7-C4B1-7315BB34BE17</sourceEntity>
<targetCardinalityString>*</targetCardinalityString>
<targetEntity>9CB00917-8AF1-A08A-4029-21F2773F6CD3</targetEntity>
<transferable>true</transferable>
<deleteRule>NO ACTION</deleteRule>
</Relation>
