<?xml version = '1.0' encoding = 'UTF-8'?>
<Relation class="oracle.dbtools.crest.model.design.logical.Relation" name="NOC_official" directorySegmentName="seg_0" id="810E81B0-F7D5-7DFA-5315-3C2EE380B45A">
<createdBy>ruey</createdBy>
<createdTime>2024-05-02 05:44:15 UTC</createdTime>
<ownerDesignName>pat_oraclemodel</ownerDesignName>
<engineerTo>
<item key="40829BE0-4E74-AA94-DA7F-4DCD4F7E43DB" value="true"/>
</engineerTo>
<sourcePk>77F937BD-014A-A482-A43C-E4A3CE1B7A7C</sourcePk>
<identifying>false</identifying>
<nameOnSource>assigns</nameOnSource>
<nameOnTarget> </nameOnTarget>
<optionalSource>false</optionalSource>
<optionalTarget>false</optionalTarget>
<sourceCardinality>1</sourceCardinality>
<sourceEntity>B86E7CB4-10DE-CA1E-33D1-FBE7AE909FAA</sourceEntity>
<targetCardinalityString>*</targetCardinalityString>
<targetEntity>21BE6F84-85CB-8B56-4BB7-E3D368A2D73B</targetEntity>
<transferable>true</transferable>
<deleteRule>NO ACTION</deleteRule>
</Relation>
