<?xml version = '1.0' encoding = 'UTF-8'?>
<Relation class="oracle.dbtools.crest.model.design.logical.Relation" name="vehicle_trip" directorySegmentName="seg_0" id="90FCE4E4-F8E1-96AC-2B87-3C04F20DCBFA">
<createdBy>ruey</createdBy>
<createdTime>2024-05-02 05:44:44 UTC</createdTime>
<ownerDesignName>pat_oraclemodel</ownerDesignName>
<engineerTo>
<item key="40829BE0-4E74-AA94-DA7F-4DCD4F7E43DB" value="true"/>
</engineerTo>
<sourcePk>FD552A52-6138-9EB1-B813-7522286EF9C9</sourcePk>
<identifying>false</identifying>
<nameOnSource>involves</nameOnSource>
<nameOnTarget> </nameOnTarget>
<optionalSource>false</optionalSource>
<optionalTarget>false</optionalTarget>
<sourceCardinality>1</sourceCardinality>
<sourceEntity>73188C34-AAA3-8144-0BE5-D19FD35B5711</sourceEntity>
<targetCardinalityString>*</targetCardinalityString>
<targetEntity>78D62C3E-6B97-56A3-9EDA-9601E32DF821</targetEntity>
<transferable>true</transferable>
<deleteRule>NO ACTION</deleteRule>
</Relation>
