<?xml version = '1.0' encoding = 'UTF-8'?>
<Relation class="oracle.dbtools.crest.model.design.logical.Relation" name="vehicle_features" directorySegmentName="seg_0" id="EEAEBD0C-DDF9-B2B6-DF02-ACA7F055D4CA">
<createdBy>ruey</createdBy>
<createdTime>2024-05-02 05:45:39 UTC</createdTime>
<ownerDesignName>pat_oraclemodel</ownerDesignName>
<engineerTo>
<item key="40829BE0-4E74-AA94-DA7F-4DCD4F7E43DB" value="true"/>
</engineerTo>
<sourcePk>FD552A52-6138-9EB1-B813-7522286EF9C9</sourcePk>
<identifying>true</identifying>
<nameOnSource>has</nameOnSource>
<nameOnTarget> </nameOnTarget>
<optionalSource>false</optionalSource>
<optionalTarget>false</optionalTarget>
<sourceCardinality>1</sourceCardinality>
<sourceEntity>73188C34-AAA3-8144-0BE5-D19FD35B5711</sourceEntity>
<targetCardinalityString>*</targetCardinalityString>
<targetEntity>9CB00917-8AF1-A08A-4029-21F2773F6CD3</targetEntity>
<transferable>true</transferable>
<deleteRule>NO ACTION</deleteRule>
</Relation>
