<?xml version = '1.0' encoding = 'UTF-8'?>
<Relation class="oracle.dbtools.crest.model.design.logical.Relation" name="trip_location" directorySegmentName="seg_0" id="F252F5D6-71AE-3B83-078B-05BD234892FE">
<createdBy>ruey</createdBy>
<createdTime>2024-05-02 06:18:17 UTC</createdTime>
<ownerDesignName>pat_oraclemodel</ownerDesignName>
<engineerTo>
<item key="40829BE0-4E74-AA94-DA7F-4DCD4F7E43DB" value="true"/>
</engineerTo>
<sourcePk>91D79254-48F9-F17C-A714-DD5844CF8599</sourcePk>
<identifying>false</identifying>
<nameOnSource>goes</nameOnSource>
<nameOnTarget> </nameOnTarget>
<optionalSource>false</optionalSource>
<optionalTarget>false</optionalTarget>
<sourceCardinality>1</sourceCardinality>
<sourceEntity>78D62C3E-6B97-56A3-9EDA-9601E32DF821</sourceEntity>
<targetCardinalityString>*</targetCardinalityString>
<targetEntity>1462331E-084E-A4BF-E32B-375FD18B5728</targetEntity>
<transferable>true</transferable>
<deleteRule>NO ACTION</deleteRule>
</Relation>
