<?xml version = '1.0' encoding = 'UTF-8'?>
<FKIndexAssociation class="oracle.dbtools.crest.model.design.relational.FKIndexAssociation" directorySegmentName="seg_0" id="1C8AA386-118B-4473-15E8-812E66416425" containerWithKeyObject="96E010DD-E7C9-5D38-9F86-21F7041CA3A5" localFKIndex="901E807B-AB83-81B1-D5AC-5514075C66C1" name="FEATURES_ADDITION">
<createdBy>Mustafa Khan</createdBy>
<createdTime>2024-05-02 07:11:08 UTC</createdTime>
<generatorID>70512951-6A6F-BB25-4B1B-72DE4B268A62</generatorID>
<ownerDesignName>pat_oraclemodel</ownerDesignName>
<referredTableLongName>FEATURES_ADDITION</referredTableLongName>
<deleteRule>NO ACTION</deleteRule>
<referredTableID>AF5816FC-D0F9-8B92-45C3-FF09AFCD3681</referredTableID>
<keyObject>0CBF05CE-2E0B-A128-CE64-C9543FD182B7</keyObject>
<referredKeyID>0CBF05CE-2E0B-A128-CE64-C9543FD182B7</referredKeyID>
<mandatory>true</mandatory>
<refColNames>features_id</refColNames>
<transferable>true</transferable>
<rely>false</rely>
<columnDependencyConstraintGenerateInDDL>true</columnDependencyConstraintGenerateInDDL>
</FKIndexAssociation>
