<?xml version = '1.0' encoding = 'UTF-8'?>
<FKIndexAssociation class="oracle.dbtools.crest.model.design.relational.FKIndexAssociation" directorySegmentName="seg_0" id="24401681-F4A7-078D-5D9D-57DBF5ABA7F3" containerWithKeyObject="6BA1518D-2324-4535-E8EC-4AC366F62288" localFKIndex="B582FA26-C731-F6AB-152C-64F3E40238A1" name="tm_dtc">
<createdBy>Mustafa Khan</createdBy>
<createdTime>2024-05-02 07:11:08 UTC</createdTime>
<generatorID>48DC9E21-0DCB-16A7-F2AE-E296A66DF2AC</generatorID>
<ownerDesignName>pat_oraclemodel</ownerDesignName>
<referredTableLongName>TRAINING_MODULE</referredTableLongName>
<deleteRule>NO ACTION</deleteRule>
<referredTableID>3D69051A-AD16-D38A-6318-848229A522E6</referredTableID>
<keyObject>A58AE83F-617C-05DE-0052-71012629FF3C</keyObject>
<referredKeyID>A58AE83F-617C-05DE-0052-71012629FF3C</referredKeyID>
<mandatory>true</mandatory>
<refColNames>tm_code</refColNames>
<transferable>true</transferable>
<rely>false</rely>
<columnDependencyConstraintGenerateInDDL>true</columnDependencyConstraintGenerateInDDL>
</FKIndexAssociation>
