<?xml version = '1.0' encoding = 'UTF-8'?>
<FKIndexAssociation class="oracle.dbtools.crest.model.design.relational.FKIndexAssociation" directorySegmentName="seg_0" id="5BF2DA51-19A0-B4FD-B8A4-19BFDF929445" containerWithKeyObject="96E010DD-E7C9-5D38-9F86-21F7041CA3A5" localFKIndex="718BE814-2857-F778-90AB-822CBE66A652" name="vehicle_features">
<createdBy>Mustafa Khan</createdBy>
<createdTime>2024-05-02 07:11:08 UTC</createdTime>
<generatorID>EEAEBD0C-DDF9-B2B6-DF02-ACA7F055D4CA</generatorID>
<ownerDesignName>pat_oraclemodel</ownerDesignName>
<referredTableLongName>VEHICLE</referredTableLongName>
<deleteRule>NO ACTION</deleteRule>
<referredTableID>0243CAF9-E35B-FF67-61E9-9346EAAFEA08</referredTableID>
<keyObject>81BF6B33-E3C6-079A-0456-9E1DCAA655BA</keyObject>
<referredKeyID>81BF6B33-E3C6-079A-0456-9E1DCAA655BA</referredKeyID>
<mandatory>true</mandatory>
<refColNames>vehicle_vin</refColNames>
<transferable>true</transferable>
<rely>false</rely>
<columnDependencyConstraintGenerateInDDL>true</columnDependencyConstraintGenerateInDDL>
</FKIndexAssociation>
