<?xml version = '1.0' encoding = 'UTF-8'?>
<FKIndexAssociation class="oracle.dbtools.crest.model.design.relational.FKIndexAssociation" directorySegmentName="seg_0" id="6238E8E8-2D61-C3E0-A876-89AD2E354821" containerWithKeyObject="432094A3-BA8F-B818-EF73-B4A806F3B38F" localFKIndex="EAC4C0C6-9656-52AD-E529-3A398C296ACE" name="trip_location">
<createdBy>Mustafa Khan</createdBy>
<createdTime>2024-05-02 07:11:08 UTC</createdTime>
<generatorID>F252F5D6-71AE-3B83-078B-05BD234892FE</generatorID>
<ownerDesignName>pat_oraclemodel</ownerDesignName>
<referredTableLongName>TRIP</referredTableLongName>
<deleteRule>NO ACTION</deleteRule>
<referredTableID>827A109C-74DC-4A5D-7A93-56975A2221F6</referredTableID>
<keyObject>E39147B2-B585-2593-4FFC-3AADD6783FC8</keyObject>
<referredKeyID>E39147B2-B585-2593-4FFC-3AADD6783FC8</referredKeyID>
<mandatory>true</mandatory>
<refColNames>trip_id</refColNames>
<transferable>true</transferable>
<rely>false</rely>
<columnDependencyConstraintGenerateInDDL>true</columnDependencyConstraintGenerateInDDL>
</FKIndexAssociation>
