<?xml version = '1.0' encoding = 'UTF-8'?>
<FKIndexAssociation class="oracle.dbtools.crest.model.design.relational.FKIndexAssociation" directorySegmentName="seg_0" id="65071E7A-35D9-AF09-85AC-7F97BC6B1B9E" containerWithKeyObject="6BA1518D-2324-4535-E8EC-4AC366F62288" localFKIndex="5D3F8B27-3907-3881-77ED-4D93DBF57E88" name="driver_dtc">
<createdBy>Mustafa Khan</createdBy>
<createdTime>2024-05-02 07:11:08 UTC</createdTime>
<generatorID>1E403F41-4577-9E0F-1C1B-85FEF60599DF</generatorID>
<ownerDesignName>pat_oraclemodel</ownerDesignName>
<referredTableLongName>DRIVER</referredTableLongName>
<deleteRule>NO ACTION</deleteRule>
<referredTableID>7D1A8233-346D-081B-0D82-EBA5632DD216</referredTableID>
<keyObject>173D7A6A-8B92-9ACF-3CF7-04B4FC337510</keyObject>
<referredKeyID>173D7A6A-8B92-9ACF-3CF7-04B4FC337510</referredKeyID>
<mandatory>true</mandatory>
<refColNames>driver_id</refColNames>
<transferable>true</transferable>
<rely>false</rely>
<columnDependencyConstraintGenerateInDDL>true</columnDependencyConstraintGenerateInDDL>
</FKIndexAssociation>
