<?xml version = '1.0' encoding = 'UTF-8'?>
<FKIndexAssociation class="oracle.dbtools.crest.model.design.relational.FKIndexAssociation" directorySegmentName="seg_0" id="6CDCD29B-4C55-4BF6-62CF-B474F6ABB3CC" containerWithKeyObject="168C2B6A-8BBE-4269-766E-265B3A2AB271" localFKIndex="45D0E1BE-D98D-86A9-DA94-F4539B683E5E" name="NOC_official">
<createdBy>Mustafa Khan</createdBy>
<createdTime>2024-05-02 07:11:08 UTC</createdTime>
<generatorID>810E81B0-F7D5-7DFA-5315-3C2EE380B45A</generatorID>
<ownerDesignName>pat_oraclemodel</ownerDesignName>
<referredTableLongName>NATIONAL_OLYMPIC_COMMITTEE_(NOC)</referredTableLongName>
<deleteRule>NO ACTION</deleteRule>
<referredTableID>60068C1B-469C-C554-2D20-52B06214C18C</referredTableID>
<keyObject>8B67BA22-395D-8923-5789-861F1A861C35</keyObject>
<referredKeyID>8B67BA22-395D-8923-5789-861F1A861C35</referredKeyID>
<mandatory>true</mandatory>
<refColNames>noc_ioc_code</refColNames>
<transferable>true</transferable>
<rely>false</rely>
<columnDependencyConstraintGenerateInDDL>true</columnDependencyConstraintGenerateInDDL>
</FKIndexAssociation>
