<?xml version = '1.0' encoding = 'UTF-8'?>
<FKIndexAssociation class="oracle.dbtools.crest.model.design.relational.FKIndexAssociation" directorySegmentName="seg_0" id="B5B15777-73B9-6E9B-9F4B-A4E47F2D1FEA" containerWithKeyObject="827A109C-74DC-4A5D-7A93-56975A2221F6" localFKIndex="2F2F526E-809E-D214-BA70-7DB083B8FE2B" name="driver_trip">
<createdBy>Mustafa Khan</createdBy>
<createdTime>2024-05-02 07:11:08 UTC</createdTime>
<generatorID>0A77BCFD-4E5C-E506-662D-AB299EADFB24</generatorID>
<ownerDesignName>pat_oraclemodel</ownerDesignName>
<referredTableLongName>DRIVER</referredTableLongName>
<deleteRule>NO ACTION</deleteRule>
<referredTableID>7D1A8233-346D-081B-0D82-EBA5632DD216</referredTableID>
<keyObject>173D7A6A-8B92-9ACF-3CF7-04B4FC337510</keyObject>
<referredKeyID>173D7A6A-8B92-9ACF-3CF7-04B4FC337510</referredKeyID>
<mandatory>true</mandatory>
<refColNames>driver_id</refColNames>
<transferable>true</transferable>
<rely>false</rely>
<columnDependencyConstraintGenerateInDDL>true</columnDependencyConstraintGenerateInDDL>
</FKIndexAssociation>
