<?xml version = '1.0' encoding = 'UTF-8'?>
<FKIndexAssociation class="oracle.dbtools.crest.model.design.relational.FKIndexAssociation" directorySegmentName="seg_0" id="CA9C9358-3918-9A54-B944-F8F2CDCC57E1" containerWithKeyObject="827A109C-74DC-4A5D-7A93-56975A2221F6" localFKIndex="E19CCD86-635F-9BA3-8672-3E6E53697DAE" name="vehicle_trip">
<createdBy>Mustafa Khan</createdBy>
<createdTime>2024-05-02 07:11:08 UTC</createdTime>
<generatorID>90FCE4E4-F8E1-96AC-2B87-3C04F20DCBFA</generatorID>
<ownerDesignName>pat_oraclemodel</ownerDesignName>
<referredTableLongName>VEHICLE</referredTableLongName>
<deleteRule>NO ACTION</deleteRule>
<referredTableID>0243CAF9-E35B-FF67-61E9-9346EAAFEA08</referredTableID>
<keyObject>81BF6B33-E3C6-079A-0456-9E1DCAA655BA</keyObject>
<referredKeyID>81BF6B33-E3C6-079A-0456-9E1DCAA655BA</referredKeyID>
<mandatory>true</mandatory>
<refColNames>vehicle_vin</refColNames>
<transferable>true</transferable>
<rely>false</rely>
<columnDependencyConstraintGenerateInDDL>true</columnDependencyConstraintGenerateInDDL>
</FKIndexAssociation>
