<?xml version = '1.0' encoding = 'UTF-8'?>
<FKIndexAssociation class="oracle.dbtools.crest.model.design.relational.FKIndexAssociation" directorySegmentName="seg_0" id="D7059CAA-23C8-E2E5-84A9-1462BAD20ABA" containerWithKeyObject="7F7E49AF-4EDE-FFA0-C4C3-ECF47D9EF503" localFKIndex="F9528C35-67B1-D106-0065-DCCDB79171F4" name="driver_language">
<createdBy>Mustafa Khan</createdBy>
<createdTime>2024-05-02 07:11:08 UTC</createdTime>
<generatorID>440B6821-C3ED-FD31-78F9-B81366879EB3</generatorID>
<ownerDesignName>pat_oraclemodel</ownerDesignName>
<referredTableLongName>DRIVER</referredTableLongName>
<deleteRule>NO ACTION</deleteRule>
<referredTableID>7D1A8233-346D-081B-0D82-EBA5632DD216</referredTableID>
<keyObject>173D7A6A-8B92-9ACF-3CF7-04B4FC337510</keyObject>
<referredKeyID>173D7A6A-8B92-9ACF-3CF7-04B4FC337510</referredKeyID>
<mandatory>true</mandatory>
<refColNames>driver_id</refColNames>
<transferable>true</transferable>
<rely>false</rely>
<columnDependencyConstraintGenerateInDDL>true</columnDependencyConstraintGenerateInDDL>
</FKIndexAssociation>
