<?xml version = '1.0' encoding = 'UTF-8'?>
<FKIndexAssociation class="oracle.dbtools.crest.model.design.relational.FKIndexAssociation" directorySegmentName="seg_0" id="E15FE7E2-90D1-64E8-C8EC-5EDFD132C35B" containerWithKeyObject="827A109C-74DC-4A5D-7A93-56975A2221F6" localFKIndex="48BB4AA7-CEB4-8BC5-4CB6-DAEEB1CA83A4" name="official_trip">
<createdBy>Mustafa Khan</createdBy>
<createdTime>2024-05-02 07:11:08 UTC</createdTime>
<generatorID>5B1378B9-C470-BEFD-BB80-A705670397FE</generatorID>
<ownerDesignName>pat_oraclemodel</ownerDesignName>
<referredTableLongName>OFFICIAL</referredTableLongName>
<deleteRule>NO ACTION</deleteRule>
<referredTableID>168C2B6A-8BBE-4269-766E-265B3A2AB271</referredTableID>
<keyObject>6DF2E771-7F9E-3B72-851E-F67537879707</keyObject>
<referredKeyID>6DF2E771-7F9E-3B72-851E-F67537879707</referredKeyID>
<mandatory>true</mandatory>
<refColNames>official_olymic_id</refColNames>
<transferable>true</transferable>
<rely>false</rely>
<columnDependencyConstraintGenerateInDDL>true</columnDependencyConstraintGenerateInDDL>
</FKIndexAssociation>
