<?xml version = '1.0' encoding = 'UTF-8'?>
<Entity class="oracle.dbtools.crest.model.design.logical.Entity" directorySegmentName="seg_0" id="08F29D73-B2F2-7F11-35DA-339C395BAEB9" name="DRIVER_TRAINING_COMPLETION">
<createdBy>Mustafa Khan</createdBy>
<createdTime>2024-05-01 17:50:40 UTC</createdTime>
<ownerDesignName>pat_oraclemodel</ownerDesignName>
<engineerTo>
<item key="40829BE0-4E74-AA94-DA7F-4DCD4F7E43DB" value="true"/>
</engineerTo>
<adequatelyNormalized>NO</adequatelyNormalized>
<expectedVolumes>0</expectedVolumes>
<fwdEngineeringStrategyName>Single Table</fwdEngineeringStrategyName>
<growthPercent>0</growthPercent>
<growthType>Year</growthType>
<maxVolumes>9999999</maxVolumes>
<minVolumes>0</minVolumes>
<normalForm>Third</normalForm>
<attributes itemClass="oracle.dbtools.crest.model.design.logical.Attribute">
<Attribute name="driver_id" id="35016247-4324-9A43-B11E-299794C5BFBF">
<createdBy>ruey</createdBy>
<createdTime>2024-05-02 05:41:29 UTC</createdTime>
<commentInRDBMS><![CDATA[driver_id]]></commentInRDBMS>
<generatorID>1E403F41-4577-9E0F-1C1B-85FEF60599DF</generatorID>
<ownerDesignName>pat_oraclemodel</ownerDesignName>
<engineerTo>
<item key="40829BE0-4E74-AA94-DA7F-4DCD4F7E43DB" value="true"/>
</engineerTo>
<referedAttribute>93F45E0F-3C59-3820-EEC5-F87E39EBFED7</referedAttribute>
<useDomainConstraints>false</useDomainConstraints>
<use>1</use>
<logicalDatatype>LOGDT019</logicalDatatype>
<dataTypePrecision>4</dataTypePrecision>
<ownDataTypeParameters>,4,</ownDataTypeParameters>
</Attribute>
<Attribute name="dtc_completion_date" id="364E2BA3-DDC2-6B2E-772C-536CD60DD2F4">
<createdBy>Mustafa Khan</createdBy>
<createdTime>2024-05-01 17:51:51 UTC</createdTime>
<commentInRDBMS><![CDATA[dtc_completion_date]]></commentInRDBMS>
<ownerDesignName>pat_oraclemodel</ownerDesignName>
<engineerTo>
<item key="40829BE0-4E74-AA94-DA7F-4DCD4F7E43DB" value="true"/>
</engineerTo>
<useDomainConstraints>false</useDomainConstraints>
<use>1</use>
<logicalDatatype>LOGDT007</logicalDatatype>
<ownDataTypeParameters>,,</ownDataTypeParameters>
</Attribute>
<Attribute name="tm_code" id="9E553172-4E4C-BE12-1D01-EA2537EB3333">
<createdBy>ruey</createdBy>
<createdTime>2024-05-02 05:41:00 UTC</createdTime>
<commentInRDBMS><![CDATA[tm_code]]></commentInRDBMS>
<generatorID>48DC9E21-0DCB-16A7-F2AE-E296A66DF2AC</generatorID>
<ownerDesignName>pat_oraclemodel</ownerDesignName>
<engineerTo>
<item key="40829BE0-4E74-AA94-DA7F-4DCD4F7E43DB" value="true"/>
</engineerTo>
<referedAttribute>DAF2A4BE-9D47-35E3-448A-1DF5737D379F</referedAttribute>
<useDomainConstraints>false</useDomainConstraints>
<use>1</use>
<logicalDatatype>LOGDT019</logicalDatatype>
<dataTypePrecision>7</dataTypePrecision>
<ownDataTypeParameters>,7,</ownDataTypeParameters>
</Attribute>
</attributes>
<identifiers itemClass="oracle.dbtools.crest.model.design.logical.CandidateKey">
<identifier id="8CF77E65-0921-AA20-C20B-12DAD2451F96" name="DRIVER_TRAINING_COMPLETION PK">
<createdBy>Mustafa Khan</createdBy>
<createdTime>2024-05-01 17:51:10 UTC</createdTime>
<ownerDesignName>pat_oraclemodel</ownerDesignName>
<shouldEngineer>false</shouldEngineer>
<engineerTo>
<item key="40829BE0-4E74-AA94-DA7F-4DCD4F7E43DB" value="false"/>
</engineerTo>
<pk>true</pk>
<usedAttributes>
<attributeRef>35016247-4324-9A43-B11E-299794C5BFBF</attributeRef>
<attributeRef>9E553172-4E4C-BE12-1D01-EA2537EB3333</attributeRef>
</usedAttributes>
</identifier>
</identifiers>
</Entity>
