<?xml version = '1.0' encoding = 'UTF-8'?>
<Entity class="oracle.dbtools.crest.model.design.logical.Entity" directorySegmentName="seg_0" id="114483A6-074F-D54C-BCCA-667083189B33" name="TRAINING_MODULE">
<createdBy>Mustafa Khan</createdBy>
<createdTime>2024-05-01 17:30:06 UTC</createdTime>
<ownerDesignName>pat_oraclemodel</ownerDesignName>
<engineerTo>
<item key="40829BE0-4E74-AA94-DA7F-4DCD4F7E43DB" value="true"/>
</engineerTo>
<adequatelyNormalized>NO</adequatelyNormalized>
<expectedVolumes>0</expectedVolumes>
<fwdEngineeringStrategyName>Single Table</fwdEngineeringStrategyName>
<growthPercent>0</growthPercent>
<growthType>Year</growthType>
<maxVolumes>9999999</maxVolumes>
<minVolumes>0</minVolumes>
<normalForm>Third</normalForm>
<attributes itemClass="oracle.dbtools.crest.model.design.logical.Attribute">
<Attribute name="tm_code" id="DAF2A4BE-9D47-35E3-448A-1DF5737D379F">
<createdBy>Mustafa Khan</createdBy>
<createdTime>2024-05-01 17:32:39 UTC</createdTime>
<commentInRDBMS><![CDATA[tm_code]]></commentInRDBMS>
<ownerDesignName>pat_oraclemodel</ownerDesignName>
<engineerTo>
<item key="40829BE0-4E74-AA94-DA7F-4DCD4F7E43DB" value="true"/>
</engineerTo>
<useDomainConstraints>false</useDomainConstraints>
<use>1</use>
<logicalDatatype>LOGDT019</logicalDatatype>
<dataTypePrecision>7</dataTypePrecision>
<ownDataTypeParameters>,7,</ownDataTypeParameters>
</Attribute>
<Attribute name="tm_name" id="D8C7230F-4DCE-8A56-FB62-80459848F318">
<createdBy>Mustafa Khan</createdBy>
<createdTime>2024-05-01 17:36:02 UTC</createdTime>
<commentInRDBMS><![CDATA[tm_name]]></commentInRDBMS>
<ownerDesignName>pat_oraclemodel</ownerDesignName>
<engineerTo>
<item key="40829BE0-4E74-AA94-DA7F-4DCD4F7E43DB" value="true"/>
</engineerTo>
<useDomainConstraints>false</useDomainConstraints>
<use>1</use>
<logicalDatatype>LOGDT024</logicalDatatype>
<dataTypeSize>50</dataTypeSize>
<ownDataTypeParameters>50,,</ownDataTypeParameters>
</Attribute>
<Attribute name="tm_description" id="A52D4AAB-AB3F-C30F-2B52-EC8C45AFCB2C">
<createdBy>Mustafa Khan</createdBy>
<createdTime>2024-05-01 17:36:51 UTC</createdTime>
<commentInRDBMS><![CDATA[tm_description]]></commentInRDBMS>
<ownerDesignName>pat_oraclemodel</ownerDesignName>
<engineerTo>
<item key="40829BE0-4E74-AA94-DA7F-4DCD4F7E43DB" value="true"/>
</engineerTo>
<useDomainConstraints>false</useDomainConstraints>
<use>1</use>
<logicalDatatype>LOGDT024</logicalDatatype>
<dataTypeSize>50</dataTypeSize>
<ownDataTypeParameters>50,,</ownDataTypeParameters>
</Attribute>
<Attribute name="tm_duration" id="BA7A6AD7-302B-3C1B-EAC1-BD7D2BF68B90">
<createdBy>Mustafa Khan</createdBy>
<createdTime>2024-05-01 17:38:45 UTC</createdTime>
<commentInRDBMS><![CDATA[tm_duration]]></commentInRDBMS>
<ownerDesignName>pat_oraclemodel</ownerDesignName>
<engineerTo>
<item key="40829BE0-4E74-AA94-DA7F-4DCD4F7E43DB" value="true"/>
</engineerTo>
<useDomainConstraints>false</useDomainConstraints>
<use>1</use>
<logicalDatatype>LOGDT019</logicalDatatype>
<dataTypePrecision>2</dataTypePrecision>
<ownDataTypeParameters>,2,</ownDataTypeParameters>
</Attribute>
<Attribute name="tm_expiry_period" id="B9D3144B-E6F6-FBAF-AA97-53F5BB5C6206">
<createdBy>Mustafa Khan</createdBy>
<createdTime>2024-05-01 17:39:28 UTC</createdTime>
<commentInRDBMS><![CDATA[tm_expiry_period ]]></commentInRDBMS>
<ownerDesignName>pat_oraclemodel</ownerDesignName>
<engineerTo>
<item key="40829BE0-4E74-AA94-DA7F-4DCD4F7E43DB" value="true"/>
</engineerTo>
<useDomainConstraints>false</useDomainConstraints>
<use>1</use>
<logicalDatatype>LOGDT007</logicalDatatype>
<ownDataTypeParameters>,,</ownDataTypeParameters>
</Attribute>
</attributes>
<identifiers itemClass="oracle.dbtools.crest.model.design.logical.CandidateKey">
<identifier id="15E842AF-23C4-124D-A607-9B90F7CA0C65" name="TRAINING_MODULE PK">
<createdBy>Mustafa Khan</createdBy>
<createdTime>2024-05-01 17:34:50 UTC</createdTime>
<ownerDesignName>pat_oraclemodel</ownerDesignName>
<shouldEngineer>false</shouldEngineer>
<engineerTo>
<item key="40829BE0-4E74-AA94-DA7F-4DCD4F7E43DB" value="false"/>
</engineerTo>
<pk>true</pk>
<usedAttributes>
<attributeRef>DAF2A4BE-9D47-35E3-448A-1DF5737D379F</attributeRef>
</usedAttributes>
</identifier>
</identifiers>
</Entity>
