<?xml version = '1.0' encoding = 'UTF-8'?>
<Entity class="oracle.dbtools.crest.model.design.logical.Entity" directorySegmentName="seg_0" id="1462331E-084E-A4BF-E32B-375FD18B5728" name="LOCATION">
<createdBy>ruey</createdBy>
<createdTime>2024-05-02 06:09:02 UTC</createdTime>
<ownerDesignName>pat_oraclemodel</ownerDesignName>
<engineerTo>
<item key="40829BE0-4E74-AA94-DA7F-4DCD4F7E43DB" value="true"/>
</engineerTo>
<adequatelyNormalized>NO</adequatelyNormalized>
<expectedVolumes>0</expectedVolumes>
<fwdEngineeringStrategyName>Single Table</fwdEngineeringStrategyName>
<growthPercent>0</growthPercent>
<growthType>Year</growthType>
<maxVolumes>9999999</maxVolumes>
<minVolumes>0</minVolumes>
<normalForm>Third</normalForm>
<attributes itemClass="oracle.dbtools.crest.model.design.logical.Attribute">
<Attribute name="location_id" id="4663E42F-E42B-F681-BE31-5E452F562E57">
<createdBy>ruey</createdBy>
<createdTime>2024-05-02 06:10:26 UTC</createdTime>
<commentInRDBMS><![CDATA[location id]]></commentInRDBMS>
<ownerDesignName>pat_oraclemodel</ownerDesignName>
<engineerTo>
<item key="40829BE0-4E74-AA94-DA7F-4DCD4F7E43DB" value="true"/>
</engineerTo>
<useDomainConstraints>false</useDomainConstraints>
<use>1</use>
<logicalDatatype>LOGDT019</logicalDatatype>
<dataTypePrecision>2</dataTypePrecision>
<ownDataTypeParameters>,2,</ownDataTypeParameters>
</Attribute>
<Attribute name="location_name" id="EA84B1D1-9C56-70C3-449D-E54E9D3C80E1">
<createdBy>ruey</createdBy>
<createdTime>2024-05-02 06:12:44 UTC</createdTime>
<commentInRDBMS><![CDATA[location name]]></commentInRDBMS>
<ownerDesignName>pat_oraclemodel</ownerDesignName>
<engineerTo>
<item key="40829BE0-4E74-AA94-DA7F-4DCD4F7E43DB" value="true"/>
</engineerTo>
<useDomainConstraints>false</useDomainConstraints>
<use>1</use>
<logicalDatatype>LOGDT024</logicalDatatype>
<dataTypeSize>50</dataTypeSize>
<ownDataTypeParameters>50,,</ownDataTypeParameters>
</Attribute>
<Attribute name="location_type" id="68C878A3-66BC-A254-464C-01181289C67D">
<createdBy>ruey</createdBy>
<createdTime>2024-05-02 06:14:10 UTC</createdTime>
<commentInRDBMS><![CDATA[location type]]></commentInRDBMS>
<ownerDesignName>pat_oraclemodel</ownerDesignName>
<engineerTo>
<item key="40829BE0-4E74-AA94-DA7F-4DCD4F7E43DB" value="true"/>
</engineerTo>
<useDomainConstraints>false</useDomainConstraints>
<use>1</use>
<logicalDatatype>LOGDT024</logicalDatatype>
<dataTypeSize>50</dataTypeSize>
<ownDataTypeParameters>50,,</ownDataTypeParameters>
</Attribute>
<Attribute name="location_address" id="CF0D6088-6FB3-0A22-F9B2-97973FC1EFA9">
<createdBy>ruey</createdBy>
<createdTime>2024-05-02 06:14:42 UTC</createdTime>
<commentInRDBMS><![CDATA[location address]]></commentInRDBMS>
<ownerDesignName>pat_oraclemodel</ownerDesignName>
<engineerTo>
<item key="40829BE0-4E74-AA94-DA7F-4DCD4F7E43DB" value="true"/>
</engineerTo>
<useDomainConstraints>false</useDomainConstraints>
<use>1</use>
<logicalDatatype>LOGDT024</logicalDatatype>
<dataTypeSize>50</dataTypeSize>
<ownDataTypeParameters>50,,</ownDataTypeParameters>
</Attribute>
<Attribute name="trip_id" id="5DBCD43E-A432-D546-DAB0-394A1419B111">
<createdBy>ruey</createdBy>
<createdTime>2024-05-02 06:45:44 UTC</createdTime>
<commentInRDBMS><![CDATA[trip_id]]></commentInRDBMS>
<generatorID>F252F5D6-71AE-3B83-078B-05BD234892FE</generatorID>
<ownerDesignName>pat_oraclemodel</ownerDesignName>
<engineerTo>
<item key="40829BE0-4E74-AA94-DA7F-4DCD4F7E43DB" value="true"/>
</engineerTo>
<referedAttribute>1EACD668-33AC-CEB3-8659-4BB91C5F6055</referedAttribute>
<useDomainConstraints>false</useDomainConstraints>
<use>1</use>
<logicalDatatype>LOGDT019</logicalDatatype>
<dataTypePrecision>4</dataTypePrecision>
<ownDataTypeParameters>,4,</ownDataTypeParameters>
</Attribute>
</attributes>
<identifiers itemClass="oracle.dbtools.crest.model.design.logical.CandidateKey">
<identifier id="9EF2DF18-7255-C4EA-F8EE-F9EF5804C790" name="LOCATION PK">
<createdBy>ruey</createdBy>
<createdTime>2024-05-02 06:12:26 UTC</createdTime>
<ownerDesignName>pat_oraclemodel</ownerDesignName>
<shouldEngineer>false</shouldEngineer>
<engineerTo>
<item key="40829BE0-4E74-AA94-DA7F-4DCD4F7E43DB" value="false"/>
</engineerTo>
<pk>true</pk>
<usedAttributes>
<attributeRef>4663E42F-E42B-F681-BE31-5E452F562E57</attributeRef>
</usedAttributes>
</identifier>
</identifiers>
</Entity>
