<?xml version = '1.0' encoding = 'UTF-8'?>
<Entity class="oracle.dbtools.crest.model.design.logical.Entity" directorySegmentName="seg_0" id="1F55FB33-2C37-03F7-C4B1-7315BB34BE17" name="FEATURES_ADDITION">
<createdBy>Mustafa Khan</createdBy>
<createdTime>2024-05-02 06:55:54 UTC</createdTime>
<ownerDesignName>pat_oraclemodel</ownerDesignName>
<engineerTo>
<item key="40829BE0-4E74-AA94-DA7F-4DCD4F7E43DB" value="true"/>
</engineerTo>
<adequatelyNormalized>NO</adequatelyNormalized>
<expectedVolumes>0</expectedVolumes>
<fwdEngineeringStrategyName>Single Table</fwdEngineeringStrategyName>
<growthPercent>0</growthPercent>
<growthType>Year</growthType>
<maxVolumes>9999999</maxVolumes>
<minVolumes>0</minVolumes>
<normalForm>Third</normalForm>
<attributes itemClass="oracle.dbtools.crest.model.design.logical.Attribute">
<Attribute name="features_id" id="612EB33D-CAA8-2BD0-2BFA-AA4FE51238C5">
<createdBy>Mustafa Khan</createdBy>
<createdTime>2024-05-02 06:56:25 UTC</createdTime>
<commentInRDBMS><![CDATA[features_id]]></commentInRDBMS>
<ownerDesignName>pat_oraclemodel</ownerDesignName>
<engineerTo>
<item key="40829BE0-4E74-AA94-DA7F-4DCD4F7E43DB" value="true"/>
</engineerTo>
<useDomainConstraints>false</useDomainConstraints>
<use>1</use>
<logicalDatatype>LOGDT019</logicalDatatype>
<dataTypePrecision>8</dataTypePrecision>
<ownDataTypeParameters>,8,</ownDataTypeParameters>
</Attribute>
<Attribute name="features_name" id="B1D68170-33C3-BB91-B00F-B0303A3D4606">
<createdBy>Mustafa Khan</createdBy>
<createdTime>2024-05-02 06:56:45 UTC</createdTime>
<commentInRDBMS><![CDATA[features_name]]></commentInRDBMS>
<ownerDesignName>pat_oraclemodel</ownerDesignName>
<engineerTo>
<item key="40829BE0-4E74-AA94-DA7F-4DCD4F7E43DB" value="true"/>
</engineerTo>
<useDomainConstraints>false</useDomainConstraints>
<use>1</use>
<logicalDatatype>LOGDT024</logicalDatatype>
<dataTypeSize>50</dataTypeSize>
<ownDataTypeParameters>50,,</ownDataTypeParameters>
</Attribute>
</attributes>
<identifiers itemClass="oracle.dbtools.crest.model.design.logical.CandidateKey">
<identifier id="71EF79A8-FC24-AF79-F788-19A99BDC0B2A" name="FEATURES_ADDITION PK">
<createdBy>Mustafa Khan</createdBy>
<createdTime>2024-05-02 06:56:37 UTC</createdTime>
<ownerDesignName>pat_oraclemodel</ownerDesignName>
<shouldEngineer>false</shouldEngineer>
<engineerTo>
<item key="40829BE0-4E74-AA94-DA7F-4DCD4F7E43DB" value="false"/>
</engineerTo>
<pk>true</pk>
<usedAttributes>
<attributeRef>612EB33D-CAA8-2BD0-2BFA-AA4FE51238C5</attributeRef>
</usedAttributes>
</identifier>
</identifiers>
</Entity>
