<?xml version = '1.0' encoding = 'UTF-8'?>
<Entity class="oracle.dbtools.crest.model.design.logical.Entity" directorySegmentName="seg_0" id="21BE6F84-85CB-8B56-4BB7-E3D368A2D73B" name="OFFICIAL">
<createdBy>Mustafa Khan</createdBy>
<createdTime>2024-05-01 17:52:47 UTC</createdTime>
<ownerDesignName>pat_oraclemodel</ownerDesignName>
<engineerTo>
<item key="40829BE0-4E74-AA94-DA7F-4DCD4F7E43DB" value="true"/>
</engineerTo>
<adequatelyNormalized>NO</adequatelyNormalized>
<expectedVolumes>0</expectedVolumes>
<fwdEngineeringStrategyName>Single Table</fwdEngineeringStrategyName>
<growthPercent>0</growthPercent>
<growthType>Year</growthType>
<maxVolumes>9999999</maxVolumes>
<minVolumes>0</minVolumes>
<normalForm>Third</normalForm>
<attributes itemClass="oracle.dbtools.crest.model.design.logical.Attribute">
<Attribute name="official_olymic_id" id="2AC34B33-8639-DDB5-65B7-DA872A00E424">
<createdBy>Mustafa Khan</createdBy>
<createdTime>2024-05-01 17:53:07 UTC</createdTime>
<commentInRDBMS><![CDATA[official_olymic_id]]></commentInRDBMS>
<ownerDesignName>pat_oraclemodel</ownerDesignName>
<engineerTo>
<item key="40829BE0-4E74-AA94-DA7F-4DCD4F7E43DB" value="true"/>
</engineerTo>
<useDomainConstraints>false</useDomainConstraints>
<use>1</use>
<logicalDatatype>LOGDT024</logicalDatatype>
<dataTypeSize>7</dataTypeSize>
<ownDataTypeParameters>7,,</ownDataTypeParameters>
</Attribute>
<Attribute name="official_name" id="86B05DE6-B408-EB50-22A3-ED5D5934F435">
<createdBy>Mustafa Khan</createdBy>
<createdTime>2024-05-01 17:53:42 UTC</createdTime>
<commentInRDBMS><![CDATA[official_name]]></commentInRDBMS>
<ownerDesignName>pat_oraclemodel</ownerDesignName>
<engineerTo>
<item key="40829BE0-4E74-AA94-DA7F-4DCD4F7E43DB" value="true"/>
</engineerTo>
<useDomainConstraints>false</useDomainConstraints>
<use>1</use>
<logicalDatatype>LOGDT024</logicalDatatype>
<dataTypeSize>50</dataTypeSize>
<ownDataTypeParameters>50,,</ownDataTypeParameters>
</Attribute>
<Attribute name="official_role" id="1A4816CB-B0A0-2467-68E5-5E97D9F6BBC9">
<createdBy>Mustafa Khan</createdBy>
<createdTime>2024-05-01 17:54:09 UTC</createdTime>
<commentInRDBMS><![CDATA[official_role]]></commentInRDBMS>
<ownerDesignName>pat_oraclemodel</ownerDesignName>
<engineerTo>
<item key="40829BE0-4E74-AA94-DA7F-4DCD4F7E43DB" value="true"/>
</engineerTo>
<useDomainConstraints>false</useDomainConstraints>
<use>1</use>
<logicalDatatype>LOGDT024</logicalDatatype>
<dataTypeSize>50</dataTypeSize>
<ownDataTypeParameters>50,,</ownDataTypeParameters>
</Attribute>
<Attribute name="noc_ioc_code" id="E7DCF415-0C47-C6E4-E865-494821078D9E">
<createdBy>ruey</createdBy>
<createdTime>2024-05-02 05:44:15 UTC</createdTime>
<commentInRDBMS><![CDATA[noc_ioc_code]]></commentInRDBMS>
<generatorID>810E81B0-F7D5-7DFA-5315-3C2EE380B45A</generatorID>
<ownerDesignName>pat_oraclemodel</ownerDesignName>
<engineerTo>
<item key="40829BE0-4E74-AA94-DA7F-4DCD4F7E43DB" value="true"/>
</engineerTo>
<referedAttribute>98E6E28B-4EE5-0495-8484-B6404A8382B0</referedAttribute>
<useDomainConstraints>false</useDomainConstraints>
<use>1</use>
<logicalDatatype>LOGDT024</logicalDatatype>
<dataTypeSize>50</dataTypeSize>
<ownDataTypeParameters>50,,</ownDataTypeParameters>
</Attribute>
</attributes>
<identifiers itemClass="oracle.dbtools.crest.model.design.logical.CandidateKey">
<identifier id="D3432EDA-6356-8BD5-D572-444D8EDB0837" name="OFFICIAL PK">
<createdBy>Mustafa Khan</createdBy>
<createdTime>2024-05-01 17:53:38 UTC</createdTime>
<ownerDesignName>pat_oraclemodel</ownerDesignName>
<shouldEngineer>false</shouldEngineer>
<engineerTo>
<item key="40829BE0-4E74-AA94-DA7F-4DCD4F7E43DB" value="false"/>
</engineerTo>
<pk>true</pk>
<usedAttributes>
<attributeRef>2AC34B33-8639-DDB5-65B7-DA872A00E424</attributeRef>
</usedAttributes>
</identifier>
</identifiers>
</Entity>
