<?xml version = '1.0' encoding = 'UTF-8'?>
<Entity class="oracle.dbtools.crest.model.design.logical.Entity" directorySegmentName="seg_0" id="5AE9CA08-1732-A818-1F65-292367F70551" name="LANGUAGE">
<createdBy>Mustafa Khan</createdBy>
<createdTime>2024-05-02 04:59:00 UTC</createdTime>
<ownerDesignName>pat_oraclemodel</ownerDesignName>
<engineerTo>
<item key="40829BE0-4E74-AA94-DA7F-4DCD4F7E43DB" value="true"/>
</engineerTo>
<adequatelyNormalized>NO</adequatelyNormalized>
<expectedVolumes>0</expectedVolumes>
<fwdEngineeringStrategyName>Single Table</fwdEngineeringStrategyName>
<growthPercent>0</growthPercent>
<growthType>Year</growthType>
<maxVolumes>9999999</maxVolumes>
<minVolumes>0</minVolumes>
<normalForm>Third</normalForm>
<attributes itemClass="oracle.dbtools.crest.model.design.logical.Attribute">
<Attribute name="language_iso639_1code" id="F37AC2D0-6A22-CB49-CF99-C2D609F5B2FD">
<createdBy>Mustafa Khan</createdBy>
<createdTime>2024-05-02 04:59:07 UTC</createdTime>
<commentInRDBMS><![CDATA[language_iso639_1code]]></commentInRDBMS>
<ownerDesignName>pat_oraclemodel</ownerDesignName>
<engineerTo>
<item key="40829BE0-4E74-AA94-DA7F-4DCD4F7E43DB" value="true"/>
</engineerTo>
<useDomainConstraints>false</useDomainConstraints>
<use>1</use>
<logicalDatatype>LOGDT024</logicalDatatype>
<dataTypeSize>8</dataTypeSize>
<ownDataTypeParameters>8,,</ownDataTypeParameters>
</Attribute>
<Attribute name="language_name" id="AE5849EF-2ADA-5423-370F-F89EA214429C">
<createdBy>Mustafa Khan</createdBy>
<createdTime>2024-05-02 04:59:32 UTC</createdTime>
<commentInRDBMS><![CDATA[language_name]]></commentInRDBMS>
<ownerDesignName>pat_oraclemodel</ownerDesignName>
<engineerTo>
<item key="40829BE0-4E74-AA94-DA7F-4DCD4F7E43DB" value="true"/>
</engineerTo>
<useDomainConstraints>false</useDomainConstraints>
<use>1</use>
<logicalDatatype>LOGDT025</logicalDatatype>
<dataTypeSize>2</dataTypeSize>
<ownDataTypeParameters>2,,</ownDataTypeParameters>
</Attribute>
<Attribute name="driver_id" id="D46F997A-FA9A-959A-4C13-B3DDA3A92EAC">
<createdBy>ruey</createdBy>
<createdTime>2024-05-02 05:45:13 UTC</createdTime>
<commentInRDBMS><![CDATA[driver_id]]></commentInRDBMS>
<generatorID>440B6821-C3ED-FD31-78F9-B81366879EB3</generatorID>
<ownerDesignName>pat_oraclemodel</ownerDesignName>
<engineerTo>
<item key="40829BE0-4E74-AA94-DA7F-4DCD4F7E43DB" value="true"/>
</engineerTo>
<referedAttribute>93F45E0F-3C59-3820-EEC5-F87E39EBFED7</referedAttribute>
<useDomainConstraints>false</useDomainConstraints>
<use>1</use>
<logicalDatatype>LOGDT019</logicalDatatype>
<dataTypePrecision>4</dataTypePrecision>
<ownDataTypeParameters>,4,</ownDataTypeParameters>
</Attribute>
</attributes>
<identifiers itemClass="oracle.dbtools.crest.model.design.logical.CandidateKey">
<identifier id="3FB28097-571C-D1BE-073B-D7DA1E747095" name="LANGUAGE PK">
<createdBy>Mustafa Khan</createdBy>
<createdTime>2024-05-02 04:59:29 UTC</createdTime>
<ownerDesignName>pat_oraclemodel</ownerDesignName>
<shouldEngineer>false</shouldEngineer>
<engineerTo>
<item key="40829BE0-4E74-AA94-DA7F-4DCD4F7E43DB" value="false"/>
</engineerTo>
<pk>true</pk>
<usedAttributes>
<attributeRef>F37AC2D0-6A22-CB49-CF99-C2D609F5B2FD</attributeRef>
<attributeRef>D46F997A-FA9A-959A-4C13-B3DDA3A92EAC</attributeRef>
</usedAttributes>
</identifier>
</identifiers>
</Entity>
