<?xml version = '1.0' encoding = 'UTF-8'?>
<Entity class="oracle.dbtools.crest.model.design.logical.Entity" directorySegmentName="seg_0" id="73188C34-AAA3-8144-0BE5-D19FD35B5711" name="VEHICLE">
<createdBy>Mustafa Khan</createdBy>
<createdTime>2024-05-02 04:53:05 UTC</createdTime>
<ownerDesignName>pat_oraclemodel</ownerDesignName>
<engineerTo>
<item key="40829BE0-4E74-AA94-DA7F-4DCD4F7E43DB" value="true"/>
</engineerTo>
<adequatelyNormalized>NO</adequatelyNormalized>
<expectedVolumes>0</expectedVolumes>
<fwdEngineeringStrategyName>Single Table</fwdEngineeringStrategyName>
<growthPercent>0</growthPercent>
<growthType>Year</growthType>
<maxVolumes>9999999</maxVolumes>
<minVolumes>0</minVolumes>
<normalForm>Third</normalForm>
<attributes itemClass="oracle.dbtools.crest.model.design.logical.Attribute">
<Attribute name="vehicle_vin" id="37D23FCD-35C8-C48B-E3CE-B19DC49B5A35">
<createdBy>Mustafa Khan</createdBy>
<createdTime>2024-05-02 04:53:13 UTC</createdTime>
<commentInRDBMS><![CDATA[vehicle_vin]]></commentInRDBMS>
<ownerDesignName>pat_oraclemodel</ownerDesignName>
<engineerTo>
<item key="40829BE0-4E74-AA94-DA7F-4DCD4F7E43DB" value="true"/>
</engineerTo>
<useDomainConstraints>false</useDomainConstraints>
<use>1</use>
<logicalDatatype>LOGDT024</logicalDatatype>
<dataTypeSize>17</dataTypeSize>
<ownDataTypeParameters>17,,</ownDataTypeParameters>
</Attribute>
<Attribute name="vehicle_registeration_no" id="CAAFD69E-8DAD-6914-A293-98600943FEE5">
<createdBy>Mustafa Khan</createdBy>
<createdTime>2024-05-02 04:53:40 UTC</createdTime>
<commentInRDBMS><![CDATA[vehicle_registeration_no]]></commentInRDBMS>
<ownerDesignName>pat_oraclemodel</ownerDesignName>
<engineerTo>
<item key="40829BE0-4E74-AA94-DA7F-4DCD4F7E43DB" value="true"/>
</engineerTo>
<useDomainConstraints>false</useDomainConstraints>
<use>1</use>
<logicalDatatype>LOGDT024</logicalDatatype>
<dataTypeSize>8</dataTypeSize>
<ownDataTypeParameters>8,,</ownDataTypeParameters>
</Attribute>
<Attribute name="vehicle_make" id="ECE03D16-6CF9-B958-5B3B-47E52EA7D9AA">
<createdBy>Mustafa Khan</createdBy>
<createdTime>2024-05-02 04:54:17 UTC</createdTime>
<commentInRDBMS><![CDATA[vehicle_make]]></commentInRDBMS>
<ownerDesignName>pat_oraclemodel</ownerDesignName>
<engineerTo>
<item key="40829BE0-4E74-AA94-DA7F-4DCD4F7E43DB" value="true"/>
</engineerTo>
<useDomainConstraints>false</useDomainConstraints>
<use>1</use>
<logicalDatatype>LOGDT024</logicalDatatype>
<dataTypeSize>50</dataTypeSize>
<ownDataTypeParameters>50,,</ownDataTypeParameters>
</Attribute>
<Attribute name="vehicle_curr_odometer" id="41C93370-79CD-EE47-A7C4-3E8330B9845B">
<createdBy>Mustafa Khan</createdBy>
<createdTime>2024-05-02 04:54:38 UTC</createdTime>
<commentInRDBMS><![CDATA[vehicle_curr_odometer]]></commentInRDBMS>
<ownerDesignName>pat_oraclemodel</ownerDesignName>
<engineerTo>
<item key="40829BE0-4E74-AA94-DA7F-4DCD4F7E43DB" value="true"/>
</engineerTo>
<useDomainConstraints>false</useDomainConstraints>
<use>1</use>
<logicalDatatype>LOGDT019</logicalDatatype>
<dataTypePrecision>6</dataTypePrecision>
<ownDataTypeParameters>,6,</ownDataTypeParameters>
</Attribute>
<Attribute name="vehicle_seats" id="B12FBC64-F8D0-EB43-A772-F8458517A3C9">
<createdBy>Mustafa Khan</createdBy>
<createdTime>2024-05-02 04:55:02 UTC</createdTime>
<commentInRDBMS><![CDATA[vehicle_seats]]></commentInRDBMS>
<ownerDesignName>pat_oraclemodel</ownerDesignName>
<engineerTo>
<item key="40829BE0-4E74-AA94-DA7F-4DCD4F7E43DB" value="true"/>
</engineerTo>
<useDomainConstraints>false</useDomainConstraints>
<use>1</use>
<logicalDatatype>LOGDT019</logicalDatatype>
<dataTypePrecision>2</dataTypePrecision>
<ownDataTypeParameters>,2,</ownDataTypeParameters>
</Attribute>
<Attribute name="vehicle_model" id="1D42F0ED-D4BF-1E5B-C217-488D9BBE2C9E">
<createdBy>Mustafa Khan</createdBy>
<createdTime>2024-05-02 04:55:24 UTC</createdTime>
<commentInRDBMS><![CDATA[vehicle_model]]></commentInRDBMS>
<ownerDesignName>pat_oraclemodel</ownerDesignName>
<engineerTo>
<item key="40829BE0-4E74-AA94-DA7F-4DCD4F7E43DB" value="true"/>
</engineerTo>
<useDomainConstraints>false</useDomainConstraints>
<use>1</use>
<logicalDatatype>LOGDT024</logicalDatatype>
<dataTypeSize>50</dataTypeSize>
<ownDataTypeParameters>50,,</ownDataTypeParameters>
</Attribute>
<Attribute name="vehicle_year" id="CBFF9475-721F-3438-6C74-4026DB1AFC96">
<createdBy>Mustafa Khan</createdBy>
<createdTime>2024-05-02 04:55:43 UTC</createdTime>
<commentInRDBMS><![CDATA[vehicle_year]]></commentInRDBMS>
<ownerDesignName>pat_oraclemodel</ownerDesignName>
<engineerTo>
<item key="40829BE0-4E74-AA94-DA7F-4DCD4F7E43DB" value="true"/>
</engineerTo>
<useDomainConstraints>false</useDomainConstraints>
<use>1</use>
<logicalDatatype>LOGDT007</logicalDatatype>
<ownDataTypeParameters>,,</ownDataTypeParameters>
</Attribute>
<Attribute name="vehicle_features" id="A31BB5FF-EB24-C1C2-6841-446814CB1E0B">
<createdBy>Mustafa Khan</createdBy>
<createdTime>2024-05-02 04:55:58 UTC</createdTime>
<commentInRDBMS><![CDATA[vehicle_features]]></commentInRDBMS>
<ownerDesignName>pat_oraclemodel</ownerDesignName>
<engineerTo>
<item key="40829BE0-4E74-AA94-DA7F-4DCD4F7E43DB" value="true"/>
</engineerTo>
<useDomainConstraints>false</useDomainConstraints>
<use>1</use>
<logicalDatatype>LOGDT024</logicalDatatype>
<dataTypeSize>50</dataTypeSize>
<ownDataTypeParameters>50,,</ownDataTypeParameters>
</Attribute>
</attributes>
<identifiers itemClass="oracle.dbtools.crest.model.design.logical.CandidateKey">
<identifier id="FD552A52-6138-9EB1-B813-7522286EF9C9" name="VEHICLE PK">
<createdBy>Mustafa Khan</createdBy>
<createdTime>2024-05-02 04:57:38 UTC</createdTime>
<ownerDesignName>pat_oraclemodel</ownerDesignName>
<shouldEngineer>false</shouldEngineer>
<engineerTo>
<item key="40829BE0-4E74-AA94-DA7F-4DCD4F7E43DB" value="false"/>
</engineerTo>
<pk>true</pk>
<usedAttributes>
<attributeRef>37D23FCD-35C8-C48B-E3CE-B19DC49B5A35</attributeRef>
</usedAttributes>
</identifier>
</identifiers>
</Entity>
