<?xml version = '1.0' encoding = 'UTF-8'?>
<Entity class="oracle.dbtools.crest.model.design.logical.Entity" directorySegmentName="seg_0" id="78D62C3E-6B97-56A3-9EDA-9601E32DF821" name="TRIP">
<createdBy>Mustafa Khan</createdBy>
<createdTime>2024-05-01 17:54:31 UTC</createdTime>
<ownerDesignName>pat_oraclemodel</ownerDesignName>
<engineerTo>
<item key="40829BE0-4E74-AA94-DA7F-4DCD4F7E43DB" value="true"/>
</engineerTo>
<adequatelyNormalized>NO</adequatelyNormalized>
<expectedVolumes>0</expectedVolumes>
<fwdEngineeringStrategyName>Single Table</fwdEngineeringStrategyName>
<growthPercent>0</growthPercent>
<growthType>Year</growthType>
<maxVolumes>9999999</maxVolumes>
<minVolumes>0</minVolumes>
<normalForm>Third</normalForm>
<attributes itemClass="oracle.dbtools.crest.model.design.logical.Attribute">
<Attribute name="vehicle_vin" id="845963AC-D9D0-B4FC-708B-A47E71C69C6F">
<createdBy>ruey</createdBy>
<createdTime>2024-05-02 05:44:44 UTC</createdTime>
<commentInRDBMS><![CDATA[vehicle_vin]]></commentInRDBMS>
<generatorID>90FCE4E4-F8E1-96AC-2B87-3C04F20DCBFA</generatorID>
<ownerDesignName>pat_oraclemodel</ownerDesignName>
<engineerTo>
<item key="40829BE0-4E74-AA94-DA7F-4DCD4F7E43DB" value="true"/>
</engineerTo>
<referedAttribute>37D23FCD-35C8-C48B-E3CE-B19DC49B5A35</referedAttribute>
<useDomainConstraints>false</useDomainConstraints>
<use>1</use>
<logicalDatatype>LOGDT024</logicalDatatype>
<dataTypeSize>17</dataTypeSize>
<ownDataTypeParameters>17,,</ownDataTypeParameters>
</Attribute>
<Attribute name="trip_number_of_passengers" id="E9D05729-F097-67EE-FE92-0C9DE011345F">
<createdBy>Mustafa Khan</createdBy>
<createdTime>2024-05-01 17:56:05 UTC</createdTime>
<commentInRDBMS><![CDATA[trip_number_of_passengers]]></commentInRDBMS>
<ownerDesignName>pat_oraclemodel</ownerDesignName>
<engineerTo>
<item key="40829BE0-4E74-AA94-DA7F-4DCD4F7E43DB" value="true"/>
</engineerTo>
<useDomainConstraints>false</useDomainConstraints>
<use>1</use>
<logicalDatatype>LOGDT019</logicalDatatype>
<dataTypePrecision>2</dataTypePrecision>
<ownDataTypeParameters>,2,</ownDataTypeParameters>
</Attribute>
<Attribute name="trip_int_pick_up_date_time" id="C106B709-80C3-59AD-A55D-44853054ECB3">
<createdBy>Mustafa Khan</createdBy>
<createdTime>2024-05-01 17:55:28 UTC</createdTime>
<commentInRDBMS><![CDATA[trip_intended_pick_up_date_time]]></commentInRDBMS>
<ownerDesignName>pat_oraclemodel</ownerDesignName>
<engineerTo>
<item key="40829BE0-4E74-AA94-DA7F-4DCD4F7E43DB" value="true"/>
</engineerTo>
<useDomainConstraints>false</useDomainConstraints>
<use>1</use>
<logicalDatatype>LOGDT007</logicalDatatype>
<ownDataTypeParameters>,,</ownDataTypeParameters>
</Attribute>
<Attribute name="trip_int_drop_off_date_time" id="9BFED051-94F6-69DE-1A91-078036B96AE3">
<createdBy>Mustafa Khan</createdBy>
<createdTime>2024-05-01 17:55:45 UTC</createdTime>
<commentInRDBMS><![CDATA[trip_intended_drop_off_date_time]]></commentInRDBMS>
<ownerDesignName>pat_oraclemodel</ownerDesignName>
<engineerTo>
<item key="40829BE0-4E74-AA94-DA7F-4DCD4F7E43DB" value="true"/>
</engineerTo>
<useDomainConstraints>false</useDomainConstraints>
<use>1</use>
<logicalDatatype>LOGDT007</logicalDatatype>
<ownDataTypeParameters>,,</ownDataTypeParameters>
</Attribute>
<Attribute name="trip_id" id="1EACD668-33AC-CEB3-8659-4BB91C5F6055">
<createdBy>Mustafa Khan</createdBy>
<createdTime>2024-05-01 17:54:49 UTC</createdTime>
<commentInRDBMS><![CDATA[trip_id]]></commentInRDBMS>
<ownerDesignName>pat_oraclemodel</ownerDesignName>
<engineerTo>
<item key="40829BE0-4E74-AA94-DA7F-4DCD4F7E43DB" value="true"/>
</engineerTo>
<useDomainConstraints>false</useDomainConstraints>
<use>1</use>
<logicalDatatype>LOGDT019</logicalDatatype>
<dataTypePrecision>4</dataTypePrecision>
<ownDataTypeParameters>,4,</ownDataTypeParameters>
</Attribute>
<Attribute name="trip_actual_pick_up_date_time" id="771D0CB9-95A5-8774-1A92-63E4252BC8C1">
<createdBy>Mustafa Khan</createdBy>
<createdTime>2024-05-01 17:57:10 UTC</createdTime>
<commentInRDBMS><![CDATA[trip_actual_pick_up_date_time]]></commentInRDBMS>
<ownerDesignName>pat_oraclemodel</ownerDesignName>
<engineerTo>
<item key="40829BE0-4E74-AA94-DA7F-4DCD4F7E43DB" value="true"/>
</engineerTo>
<useDomainConstraints>false</useDomainConstraints>
<use>1</use>
<logicalDatatype>LOGDT007</logicalDatatype>
<ownDataTypeParameters>,,</ownDataTypeParameters>
</Attribute>
<Attribute name="trip_actual_drop_off_date_time" id="4ED5AC44-F633-8256-C2BA-1A562CFAEA2D">
<createdBy>Mustafa Khan</createdBy>
<createdTime>2024-05-01 17:57:27 UTC</createdTime>
<commentInRDBMS><![CDATA[trip_actual_drop_off_date_time]]></commentInRDBMS>
<ownerDesignName>pat_oraclemodel</ownerDesignName>
<engineerTo>
<item key="40829BE0-4E74-AA94-DA7F-4DCD4F7E43DB" value="true"/>
</engineerTo>
<useDomainConstraints>false</useDomainConstraints>
<use>1</use>
<logicalDatatype>LOGDT007</logicalDatatype>
<ownDataTypeParameters>,,</ownDataTypeParameters>
</Attribute>
<Attribute name="official_olymic_id" id="FBDCAAD2-CAAB-7ADF-0E40-406D19438775">
<createdBy>ruey</createdBy>
<createdTime>2024-05-02 05:43:57 UTC</createdTime>
<commentInRDBMS><![CDATA[official_olymic_id]]></commentInRDBMS>
<generatorID>5B1378B9-C470-BEFD-BB80-A705670397FE</generatorID>
<ownerDesignName>pat_oraclemodel</ownerDesignName>
<engineerTo>
<item key="40829BE0-4E74-AA94-DA7F-4DCD4F7E43DB" value="true"/>
</engineerTo>
<referedAttribute>2AC34B33-8639-DDB5-65B7-DA872A00E424</referedAttribute>
<useDomainConstraints>false</useDomainConstraints>
<use>1</use>
<logicalDatatype>LOGDT024</logicalDatatype>
<dataTypeSize>7</dataTypeSize>
<ownDataTypeParameters>7,,</ownDataTypeParameters>
</Attribute>
<Attribute name="driver_id" id="361D7A7F-D925-34EC-01B5-CEDC382466E3">
<createdBy>ruey</createdBy>
<createdTime>2024-05-02 05:42:15 UTC</createdTime>
<commentInRDBMS><![CDATA[driver_id]]></commentInRDBMS>
<generatorID>0A77BCFD-4E5C-E506-662D-AB299EADFB24</generatorID>
<ownerDesignName>pat_oraclemodel</ownerDesignName>
<engineerTo>
<item key="40829BE0-4E74-AA94-DA7F-4DCD4F7E43DB" value="true"/>
</engineerTo>
<referedAttribute>93F45E0F-3C59-3820-EEC5-F87E39EBFED7</referedAttribute>
<useDomainConstraints>false</useDomainConstraints>
<use>1</use>
<logicalDatatype>LOGDT019</logicalDatatype>
<dataTypePrecision>4</dataTypePrecision>
<ownDataTypeParameters>,4,</ownDataTypeParameters>
</Attribute>
</attributes>
<identifiers itemClass="oracle.dbtools.crest.model.design.logical.CandidateKey">
<identifier id="91D79254-48F9-F17C-A714-DD5844CF8599" name="TRIP PK">
<createdBy>Mustafa Khan</createdBy>
<createdTime>2024-05-01 17:54:56 UTC</createdTime>
<ownerDesignName>pat_oraclemodel</ownerDesignName>
<shouldEngineer>false</shouldEngineer>
<engineerTo>
<item key="40829BE0-4E74-AA94-DA7F-4DCD4F7E43DB" value="false"/>
</engineerTo>
<pk>true</pk>
<usedAttributes>
<attributeRef>1EACD668-33AC-CEB3-8659-4BB91C5F6055</attributeRef>
</usedAttributes>
</identifier>
<identifier id="E476A3C1-4C11-333B-8FC4-2D3892F26373" name="TRIP_NK">
<createdBy>ruey</createdBy>
<createdTime>2024-05-02 06:46:11 UTC</createdTime>
<ownerDesignName>pat_oraclemodel</ownerDesignName>
<shouldEngineer>false</shouldEngineer>
<engineerTo>
<item key="40829BE0-4E74-AA94-DA7F-4DCD4F7E43DB" value="false"/>
</engineerTo>
<newElementsIDs>845963AC-D9D0-B4FC-708B-A47E71C69C6F,FBDCAAD2-CAAB-7ADF-0E40-406D19438775,361D7A7F-D925-34EC-01B5-CEDC382466E3</newElementsIDs>
<usedAttributes>
<attributeRef>845963AC-D9D0-B4FC-708B-A47E71C69C6F</attributeRef>
<attributeRef>FBDCAAD2-CAAB-7ADF-0E40-406D19438775</attributeRef>
<attributeRef>361D7A7F-D925-34EC-01B5-CEDC382466E3</attributeRef>
</usedAttributes>
</identifier>
</identifiers>
</Entity>
