<?xml version = '1.0' encoding = 'UTF-8'?>
<Entity class="oracle.dbtools.crest.model.design.logical.Entity" directorySegmentName="seg_0" id="9CB00917-8AF1-A08A-4029-21F2773F6CD3" name="FEATURE">
<createdBy>Mustafa Khan</createdBy>
<createdTime>2024-05-02 05:07:23 UTC</createdTime>
<ownerDesignName>pat_oraclemodel</ownerDesignName>
<engineerTo>
<item key="40829BE0-4E74-AA94-DA7F-4DCD4F7E43DB" value="true"/>
</engineerTo>
<adequatelyNormalized>NO</adequatelyNormalized>
<expectedVolumes>0</expectedVolumes>
<fwdEngineeringStrategyName>Single Table</fwdEngineeringStrategyName>
<growthPercent>0</growthPercent>
<growthType>Year</growthType>
<maxVolumes>9999999</maxVolumes>
<minVolumes>0</minVolumes>
<normalForm>Third</normalForm>
<attributes itemClass="oracle.dbtools.crest.model.design.logical.Attribute">
<Attribute name="feature_boot_space" id="2A40279A-FA9F-2B8B-BD1E-4A48D75A3791">
<createdBy>Mustafa Khan</createdBy>
<createdTime>2024-05-02 05:08:10 UTC</createdTime>
<commentInRDBMS><![CDATA[feature_boot_space]]></commentInRDBMS>
<ownerDesignName>pat_oraclemodel</ownerDesignName>
<engineerTo>
<item key="40829BE0-4E74-AA94-DA7F-4DCD4F7E43DB" value="true"/>
</engineerTo>
<useDomainConstraints>false</useDomainConstraints>
<use>1</use>
<logicalDatatype>LOGDT024</logicalDatatype>
<dataTypeSize>50</dataTypeSize>
<ownDataTypeParameters>50,,</ownDataTypeParameters>
</Attribute>
<Attribute name="feature_plating" id="2A8F9F66-8F90-CBA2-CDFC-4E6C49625E17">
<createdBy>Mustafa Khan</createdBy>
<createdTime>2024-05-02 05:09:00 UTC</createdTime>
<commentInRDBMS><![CDATA[feature_plating]]></commentInRDBMS>
<ownerDesignName>pat_oraclemodel</ownerDesignName>
<engineerTo>
<item key="40829BE0-4E74-AA94-DA7F-4DCD4F7E43DB" value="true"/>
</engineerTo>
<useDomainConstraints>false</useDomainConstraints>
<use>1</use>
<logicalDatatype>LOGDT024</logicalDatatype>
<dataTypeSize>50</dataTypeSize>
<ownDataTypeParameters>50,,</ownDataTypeParameters>
</Attribute>
<Attribute name="feature_blackout" id="F0EDB8AB-BFC9-9110-155C-6DF2EADF5F52">
<createdBy>Mustafa Khan</createdBy>
<createdTime>2024-05-02 05:09:23 UTC</createdTime>
<commentInRDBMS><![CDATA[feature_blackout]]></commentInRDBMS>
<ownerDesignName>pat_oraclemodel</ownerDesignName>
<engineerTo>
<item key="40829BE0-4E74-AA94-DA7F-4DCD4F7E43DB" value="true"/>
</engineerTo>
<useDomainConstraints>false</useDomainConstraints>
<use>1</use>
<logicalDatatype>LOGDT024</logicalDatatype>
<dataTypeSize>50</dataTypeSize>
<ownDataTypeParameters>50,,</ownDataTypeParameters>
</Attribute>
<Attribute name="feature_mobile_wifi" id="8CC8404D-0663-DD86-2CE4-6D05717A8185">
<createdBy>Mustafa Khan</createdBy>
<createdTime>2024-05-02 05:10:23 UTC</createdTime>
<commentInRDBMS><![CDATA[feature_mobile_wifi]]></commentInRDBMS>
<ownerDesignName>pat_oraclemodel</ownerDesignName>
<engineerTo>
<item key="40829BE0-4E74-AA94-DA7F-4DCD4F7E43DB" value="true"/>
</engineerTo>
<useDomainConstraints>false</useDomainConstraints>
<use>1</use>
<logicalDatatype>LOGDT025</logicalDatatype>
<dataTypeSize>1</dataTypeSize>
<ownDataTypeParameters>1,,</ownDataTypeParameters>
</Attribute>
<Attribute name="feature_electric_tail_lift" id="AB1B7AE1-B7B2-AB24-1650-91A634FE288A">
<createdBy>Mustafa Khan</createdBy>
<createdTime>2024-05-02 05:10:42 UTC</createdTime>
<commentInRDBMS><![CDATA[feature_electric_tail_lift]]></commentInRDBMS>
<ownerDesignName>pat_oraclemodel</ownerDesignName>
<engineerTo>
<item key="40829BE0-4E74-AA94-DA7F-4DCD4F7E43DB" value="true"/>
</engineerTo>
<useDomainConstraints>false</useDomainConstraints>
<use>1</use>
<logicalDatatype>LOGDT025</logicalDatatype>
<dataTypeSize>1</dataTypeSize>
<ownDataTypeParameters>1,,</ownDataTypeParameters>
</Attribute>
<Attribute name="feature_carry" id="3830AABF-AB72-D428-C775-1104C008165A">
<createdBy>Mustafa Khan</createdBy>
<createdTime>2024-05-02 05:11:13 UTC</createdTime>
<commentInRDBMS><![CDATA[feature_carry]]></commentInRDBMS>
<ownerDesignName>pat_oraclemodel</ownerDesignName>
<engineerTo>
<item key="40829BE0-4E74-AA94-DA7F-4DCD4F7E43DB" value="true"/>
</engineerTo>
<useDomainConstraints>false</useDomainConstraints>
<use>1</use>
<logicalDatatype>LOGDT024</logicalDatatype>
<dataTypeSize>50</dataTypeSize>
<ownDataTypeParameters>50,,</ownDataTypeParameters>
</Attribute>
<Attribute name="feature_GPS" id="77B1AEAD-1BBD-E8F7-BA22-82768B2DF79E">
<createdBy>Mustafa Khan</createdBy>
<createdTime>2024-05-02 05:11:29 UTC</createdTime>
<commentInRDBMS><![CDATA[feature_GPS]]></commentInRDBMS>
<ownerDesignName>pat_oraclemodel</ownerDesignName>
<engineerTo>
<item key="40829BE0-4E74-AA94-DA7F-4DCD4F7E43DB" value="true"/>
</engineerTo>
<useDomainConstraints>false</useDomainConstraints>
<use>1</use>
<logicalDatatype>LOGDT025</logicalDatatype>
<dataTypeSize>1</dataTypeSize>
<ownDataTypeParameters>1,,</ownDataTypeParameters>
</Attribute>
<Attribute name="vehicle_vin" id="ED74E25A-4F7E-104C-6E10-7C9D8DF87CB1">
<createdBy>ruey</createdBy>
<createdTime>2024-05-02 05:45:39 UTC</createdTime>
<commentInRDBMS><![CDATA[vehicle_vin]]></commentInRDBMS>
<generatorID>EEAEBD0C-DDF9-B2B6-DF02-ACA7F055D4CA</generatorID>
<ownerDesignName>pat_oraclemodel</ownerDesignName>
<engineerTo>
<item key="40829BE0-4E74-AA94-DA7F-4DCD4F7E43DB" value="true"/>
</engineerTo>
<referedAttribute>37D23FCD-35C8-C48B-E3CE-B19DC49B5A35</referedAttribute>
<useDomainConstraints>false</useDomainConstraints>
<use>1</use>
<logicalDatatype>LOGDT024</logicalDatatype>
<dataTypeSize>17</dataTypeSize>
<ownDataTypeParameters>17,,</ownDataTypeParameters>
</Attribute>
<Attribute name="features_id" id="4EEA2C92-8279-A2EA-AB90-54AEE6ABB700">
<createdBy>Mustafa Khan</createdBy>
<createdTime>2024-05-02 06:57:20 UTC</createdTime>
<commentInRDBMS><![CDATA[features_id]]></commentInRDBMS>
<generatorID>70512951-6A6F-BB25-4B1B-72DE4B268A62</generatorID>
<ownerDesignName>pat_oraclemodel</ownerDesignName>
<engineerTo>
<item key="40829BE0-4E74-AA94-DA7F-4DCD4F7E43DB" value="true"/>
</engineerTo>
<referedAttribute>612EB33D-CAA8-2BD0-2BFA-AA4FE51238C5</referedAttribute>
<useDomainConstraints>false</useDomainConstraints>
<use>1</use>
<logicalDatatype>LOGDT019</logicalDatatype>
<dataTypePrecision>8</dataTypePrecision>
<ownDataTypeParameters>,8,</ownDataTypeParameters>
</Attribute>
</attributes>
<identifiers itemClass="oracle.dbtools.crest.model.design.logical.CandidateKey">
<identifier id="C31A1876-1244-92CA-46DA-D2005B17D9B7" name="FEATURE PK">
<createdBy>Mustafa Khan</createdBy>
<createdTime>2024-05-02 05:08:08 UTC</createdTime>
<ownerDesignName>pat_oraclemodel</ownerDesignName>
<shouldEngineer>false</shouldEngineer>
<engineerTo>
<item key="40829BE0-4E74-AA94-DA7F-4DCD4F7E43DB" value="false"/>
</engineerTo>
<pk>true</pk>
<usedAttributes>
<attributeRef>ED74E25A-4F7E-104C-6E10-7C9D8DF87CB1</attributeRef>
</usedAttributes>
</identifier>
</identifiers>
</Entity>
