<?xml version = '1.0' encoding = 'UTF-8'?>
<Entity class="oracle.dbtools.crest.model.design.logical.Entity" directorySegmentName="seg_0" id="AAC77822-0927-24F2-C3C6-F015E0192590" name="DRIVER">
<createdBy>Mustafa Khan</createdBy>
<createdTime>2024-05-02 04:39:16 UTC</createdTime>
<ownerDesignName>pat_oraclemodel</ownerDesignName>
<engineerTo>
<item key="40829BE0-4E74-AA94-DA7F-4DCD4F7E43DB" value="true"/>
</engineerTo>
<adequatelyNormalized>NO</adequatelyNormalized>
<expectedVolumes>0</expectedVolumes>
<fwdEngineeringStrategyName>Single Table</fwdEngineeringStrategyName>
<growthPercent>0</growthPercent>
<growthType>Year</growthType>
<maxVolumes>9999999</maxVolumes>
<minVolumes>0</minVolumes>
<normalForm>Third</normalForm>
<attributes itemClass="oracle.dbtools.crest.model.design.logical.Attribute">
<Attribute name="driver_id" id="93F45E0F-3C59-3820-EEC5-F87E39EBFED7">
<createdBy>Mustafa Khan</createdBy>
<createdTime>2024-05-02 04:39:55 UTC</createdTime>
<commentInRDBMS><![CDATA[driver_id]]></commentInRDBMS>
<ownerDesignName>pat_oraclemodel</ownerDesignName>
<engineerTo>
<item key="40829BE0-4E74-AA94-DA7F-4DCD4F7E43DB" value="true"/>
</engineerTo>
<useDomainConstraints>false</useDomainConstraints>
<use>1</use>
<logicalDatatype>LOGDT019</logicalDatatype>
<dataTypePrecision>4</dataTypePrecision>
<ownDataTypeParameters>,4,</ownDataTypeParameters>
</Attribute>
<Attribute name="driver_given_name" id="0074CB59-EFF3-7656-CF27-0C99E152144B">
<createdBy>Mustafa Khan</createdBy>
<createdTime>2024-05-02 04:40:30 UTC</createdTime>
<commentInRDBMS><![CDATA[driver_given_name]]></commentInRDBMS>
<ownerDesignName>pat_oraclemodel</ownerDesignName>
<engineerTo>
<item key="40829BE0-4E74-AA94-DA7F-4DCD4F7E43DB" value="true"/>
</engineerTo>
<useDomainConstraints>false</useDomainConstraints>
<use>1</use>
<logicalDatatype>LOGDT024</logicalDatatype>
<dataTypeSize>50</dataTypeSize>
<ownDataTypeParameters>50,,</ownDataTypeParameters>
</Attribute>
<Attribute name="driver_family_name" id="39CFE1CC-5E47-DF0D-0E7C-E20ABA554A3E">
<createdBy>Mustafa Khan</createdBy>
<createdTime>2024-05-02 04:40:58 UTC</createdTime>
<commentInRDBMS><![CDATA[driver_family_name]]></commentInRDBMS>
<ownerDesignName>pat_oraclemodel</ownerDesignName>
<engineerTo>
<item key="40829BE0-4E74-AA94-DA7F-4DCD4F7E43DB" value="true"/>
</engineerTo>
<useDomainConstraints>false</useDomainConstraints>
<use>1</use>
<logicalDatatype>LOGDT024</logicalDatatype>
<dataTypeSize>50</dataTypeSize>
<ownDataTypeParameters>50,,</ownDataTypeParameters>
</Attribute>
<Attribute name="driver_license_number" id="757647E6-696C-84E2-FED8-C6B575592C64">
<createdBy>Mustafa Khan</createdBy>
<createdTime>2024-05-02 04:41:35 UTC</createdTime>
<commentInRDBMS><![CDATA[driver_license_number]]></commentInRDBMS>
<ownerDesignName>pat_oraclemodel</ownerDesignName>
<engineerTo>
<item key="40829BE0-4E74-AA94-DA7F-4DCD4F7E43DB" value="true"/>
</engineerTo>
<useDomainConstraints>false</useDomainConstraints>
<use>1</use>
<logicalDatatype>LOGDT024</logicalDatatype>
<dataTypeSize>7</dataTypeSize>
<ownDataTypeParameters>7,,</ownDataTypeParameters>
</Attribute>
<Attribute name="driver_date_of_birth" id="97DE36D9-2A19-F43B-B1A3-D196C263AE0E">
<createdBy>Mustafa Khan</createdBy>
<createdTime>2024-05-02 04:41:56 UTC</createdTime>
<commentInRDBMS><![CDATA[driver_date_of_birth]]></commentInRDBMS>
<ownerDesignName>pat_oraclemodel</ownerDesignName>
<engineerTo>
<item key="40829BE0-4E74-AA94-DA7F-4DCD4F7E43DB" value="true"/>
</engineerTo>
<useDomainConstraints>false</useDomainConstraints>
<use>1</use>
<logicalDatatype>LOGDT007</logicalDatatype>
<ownDataTypeParameters>,,</ownDataTypeParameters>
</Attribute>
<Attribute name="driver_sec_cl_lvl" id="D4AD25BE-C31B-9C6E-9208-7BA5DB826D68">
<createdBy>Mustafa Khan</createdBy>
<createdTime>2024-05-02 04:42:17 UTC</createdTime>
<commentInRDBMS><![CDATA[driver_security_clearance_level,  F - Full,  R - Restricted]]></commentInRDBMS>
<ownerDesignName>pat_oraclemodel</ownerDesignName>
<engineerTo>
<item key="40829BE0-4E74-AA94-DA7F-4DCD4F7E43DB" value="true"/>
</engineerTo>
<constraintName>chk_driver_sec_cl_lvl</constraintName>
<useDomainConstraints>false</useDomainConstraints>
<use>1</use>
<logicalDatatype>LOGDT025</logicalDatatype>
<dataTypeSize>1</dataTypeSize>
<listOfValues>
<valueDef value="F" description="Full"/>
<valueDef value="R" description="Restricted"/>
</listOfValues>
<ownDataTypeParameters>1,,</ownDataTypeParameters>
</Attribute>
<Attribute name="driver_is_suspended" id="94B63991-20E8-F4DA-4574-BE25F00A9865">
<createdBy>Mustafa Khan</createdBy>
<createdTime>2024-05-02 04:42:34 UTC</createdTime>
<commentInRDBMS><![CDATA[driver_is_suspended]]></commentInRDBMS>
<ownerDesignName>pat_oraclemodel</ownerDesignName>
<engineerTo>
<item key="40829BE0-4E74-AA94-DA7F-4DCD4F7E43DB" value="true"/>
</engineerTo>
<useDomainConstraints>false</useDomainConstraints>
<use>1</use>
<logicalDatatype>LOGDT025</logicalDatatype>
<dataTypeSize>1</dataTypeSize>
<ownDataTypeParameters>1,,</ownDataTypeParameters>
</Attribute>
<Attribute name="vehicle_vin" id="B1416662-4A52-E513-474C-64BEABC07A48">
<createdBy>Mustafa Khan</createdBy>
<createdTime>2024-05-02 04:42:57 UTC</createdTime>
<commentInRDBMS><![CDATA[vehicle_vin]]></commentInRDBMS>
<ownerDesignName>pat_oraclemodel</ownerDesignName>
<engineerTo>
<item key="40829BE0-4E74-AA94-DA7F-4DCD4F7E43DB" value="true"/>
</engineerTo>
<useDomainConstraints>false</useDomainConstraints>
<use>1</use>
<logicalDatatype>LOGDT024</logicalDatatype>
<dataTypeSize>17</dataTypeSize>
<ownDataTypeParameters>17,,</ownDataTypeParameters>
</Attribute>
</attributes>
<identifiers itemClass="oracle.dbtools.crest.model.design.logical.CandidateKey">
<identifier id="EE49D534-0BF6-39EF-ABE4-537672D114C6" name="DRIVER PK">
<createdBy>Mustafa Khan</createdBy>
<createdTime>2024-05-02 04:40:26 UTC</createdTime>
<ownerDesignName>pat_oraclemodel</ownerDesignName>
<shouldEngineer>false</shouldEngineer>
<engineerTo>
<item key="40829BE0-4E74-AA94-DA7F-4DCD4F7E43DB" value="false"/>
</engineerTo>
<pk>true</pk>
<usedAttributes>
<attributeRef>93F45E0F-3C59-3820-EEC5-F87E39EBFED7</attributeRef>
</usedAttributes>
</identifier>
</identifiers>
</Entity>
