<?xml version = '1.0' encoding = 'UTF-8'?>
<Entity class="oracle.dbtools.crest.model.design.logical.Entity" directorySegmentName="seg_0" id="B86E7CB4-10DE-CA1E-33D1-FBE7AE909FAA" name="NOC">
<createdBy>Mustafa Khan</createdBy>
<createdTime>2024-05-01 17:43:59 UTC</createdTime>
<ownerDesignName>pat_oraclemodel</ownerDesignName>
<engineerTo>
<item key="40829BE0-4E74-AA94-DA7F-4DCD4F7E43DB" value="true"/>
</engineerTo>
<adequatelyNormalized>NO</adequatelyNormalized>
<expectedVolumes>0</expectedVolumes>
<fwdEngineeringStrategyName>Single Table</fwdEngineeringStrategyName>
<growthPercent>0</growthPercent>
<growthType>Year</growthType>
<maxVolumes>9999999</maxVolumes>
<minVolumes>0</minVolumes>
<normalForm>Third</normalForm>
<attributes itemClass="oracle.dbtools.crest.model.design.logical.Attribute">
<Attribute name="noc_ioc_code" id="98E6E28B-4EE5-0495-8484-B6404A8382B0">
<createdBy>Mustafa Khan</createdBy>
<createdTime>2024-05-01 17:44:34 UTC</createdTime>
<commentInRDBMS><![CDATA[noc_ioc_code]]></commentInRDBMS>
<ownerDesignName>pat_oraclemodel</ownerDesignName>
<engineerTo>
<item key="40829BE0-4E74-AA94-DA7F-4DCD4F7E43DB" value="true"/>
</engineerTo>
<useDomainConstraints>false</useDomainConstraints>
<use>1</use>
<logicalDatatype>LOGDT024</logicalDatatype>
<dataTypeSize>50</dataTypeSize>
<ownDataTypeParameters>50,,</ownDataTypeParameters>
</Attribute>
<Attribute name="noc_country_region_name" id="2654275D-CAE1-3D2C-71D1-4BF5F1B29EFA">
<createdBy>Mustafa Khan</createdBy>
<createdTime>2024-05-01 17:45:12 UTC</createdTime>
<commentInRDBMS><![CDATA[noc_country_region_name]]></commentInRDBMS>
<ownerDesignName>pat_oraclemodel</ownerDesignName>
<engineerTo>
<item key="40829BE0-4E74-AA94-DA7F-4DCD4F7E43DB" value="true"/>
</engineerTo>
<useDomainConstraints>false</useDomainConstraints>
<use>1</use>
<logicalDatatype>LOGDT024</logicalDatatype>
<dataTypeSize>50</dataTypeSize>
<ownDataTypeParameters>50,,</ownDataTypeParameters>
</Attribute>
<Attribute name="noc_population" id="D8B38382-A4DA-8581-E967-5F7A5474B010">
<createdBy>Mustafa Khan</createdBy>
<createdTime>2024-05-01 17:45:36 UTC</createdTime>
<commentInRDBMS><![CDATA[noc_population]]></commentInRDBMS>
<ownerDesignName>pat_oraclemodel</ownerDesignName>
<engineerTo>
<item key="40829BE0-4E74-AA94-DA7F-4DCD4F7E43DB" value="true"/>
</engineerTo>
<useDomainConstraints>false</useDomainConstraints>
<use>1</use>
<logicalDatatype>LOGDT024</logicalDatatype>
<dataTypeSize>50</dataTypeSize>
<ownDataTypeParameters>50,,</ownDataTypeParameters>
</Attribute>
</attributes>
<identifiers itemClass="oracle.dbtools.crest.model.design.logical.CandidateKey">
<identifier id="77F937BD-014A-A482-A43C-E4A3CE1B7A7C" name="NOC PK">
<createdBy>Mustafa Khan</createdBy>
<createdTime>2024-05-02 04:37:36 UTC</createdTime>
<ownerDesignName>pat_oraclemodel</ownerDesignName>
<shouldEngineer>false</shouldEngineer>
<engineerTo>
<item key="40829BE0-4E74-AA94-DA7F-4DCD4F7E43DB" value="false"/>
</engineerTo>
<pk>true</pk>
<newElementsIDs>98E6E28B-4EE5-0495-8484-B6404A8382B0</newElementsIDs>
<usedAttributes>
<attributeRef>98E6E28B-4EE5-0495-8484-B6404A8382B0</attributeRef>
</usedAttributes>
</identifier>
</identifiers>
</Entity>
