<?xml version = '1.0' encoding = 'UTF-8'?>
<Diagram class="oracle.dbtools.crest.swingui.relational.DPVRelational" name="Relational_1" id="BC807C12-7C77-18D4-4B55-12A2D58B726C">
<createdBy>G051</createdBy>
<modifiedBy>G051</modifiedBy>
<createdTime>2024-05-01 17:24:41 UTC</createdTime>
<autoRoute>false</autoRoute>
<boxInbox>true</boxInbox>
<showLegend>false</showLegend>
<showLabels>false</showLabels>
<showRelAttributes>false</showRelAttributes>
<gridEnabled>false</gridEnabled>
<showGrid>false</showGrid>
<diagramColor>-1</diagramColor>
<display>false</display>
<notation>1</notation>
<objectViews>
<OView class="oracle.dbtools.crest.swingui.relational.TVTable" oid="0243CAF9-E35B-FF67-61E9-9346EAAFEA08" otype="Table" vid="DF581648-A634-23FE-19D7-F36F589D3E17">
<hideElementsInCurrentOnly>false</hideElementsInCurrentOnly>
<bounds x="965" y="307" width="259" height="184"/>
</OView>
<OView class="oracle.dbtools.crest.swingui.relational.TVTable" oid="168C2B6A-8BBE-4269-766E-265B3A2AB271" otype="Table" vid="05538D0B-97B5-FAE4-CF41-FE79710A1B8B">
<hideElementsInCurrentOnly>false</hideElementsInCurrentOnly>
<bounds x="618" y="32" width="216" height="125"/>
</OView>
<OView class="oracle.dbtools.crest.swingui.relational.TVTable" oid="3D69051A-AD16-D38A-6318-848229A522E6" otype="Table" vid="34B3699C-DC60-16BE-442F-8E2265EF1A88">
<hideElementsInCurrentOnly>false</hideElementsInCurrentOnly>
<bounds x="0" y="269" width="218" height="143"/>
</OView>
<OView class="oracle.dbtools.crest.swingui.relational.TVTable" oid="432094A3-BA8F-B818-EF73-B4A806F3B38F" otype="Table" vid="9C9B4E26-492B-5962-300F-0B46EBB299BF">
<hideElementsInCurrentOnly>false</hideElementsInCurrentOnly>
<bounds x="999" y="63" width="208" height="153"/>
</OView>
<OView class="oracle.dbtools.crest.swingui.relational.TVTable" oid="60068C1B-469C-C554-2D20-52B06214C18C" otype="Table" vid="5C16B257-7DE0-BE62-D2D7-7FEE252189AE">
<hideElementsInCurrentOnly>false</hideElementsInCurrentOnly>
<bounds x="248" y="23" width="334" height="97"/>
</OView>
<OView class="oracle.dbtools.crest.swingui.relational.TVTable" oid="6BA1518D-2324-4535-E8EC-4AC366F62288" otype="Table" vid="022E2EB2-6817-D899-355A-E3B3E6437C0A">
<hideElementsInCurrentOnly>false</hideElementsInCurrentOnly>
<bounds x="260" y="281" width="310" height="149"/>
</OView>
<OView class="oracle.dbtools.crest.swingui.relational.TVTable" oid="7D1A8233-346D-081B-0D82-EBA5632DD216" otype="Table" vid="5ED7AE19-61AE-2B75-8600-DBCDD001C77B">
<hideElementsInCurrentOnly>false</hideElementsInCurrentOnly>
<bounds x="504" y="573" width="240" height="175"/>
</OView>
<OView class="oracle.dbtools.crest.swingui.relational.TVTable" oid="7F7E49AF-4EDE-FFA0-C4C3-ECF47D9EF503" otype="Table" vid="38D6F072-EA34-5026-17A7-D8E066D65D09">
<hideElementsInCurrentOnly>false</hideElementsInCurrentOnly>
<bounds x="861" y="597" width="288" height="129"/>
</OView>
<OView class="oracle.dbtools.crest.swingui.relational.TVTable" oid="827A109C-74DC-4A5D-7A93-56975A2221F6" otype="Table" vid="B9C2EC8A-1469-63FB-8118-50F43DEA6DBD">
<hideElementsInCurrentOnly>false</hideElementsInCurrentOnly>
<bounds x="606" y="240" width="275" height="242"/>
</OView>
<OView class="oracle.dbtools.crest.swingui.relational.TVTable" oid="96E010DD-E7C9-5D38-9F86-21F7041CA3A5" otype="Table" vid="449E8A3B-13F4-BB13-27D2-43F323340413">
<hideElementsInCurrentOnly>false</hideElementsInCurrentOnly>
<bounds x="1271" y="303" width="251" height="208"/>
</OView>
<OView class="oracle.dbtools.crest.swingui.relational.TVTable" oid="AF5816FC-D0F9-8B92-45C3-FF09AFCD3681" otype="Table" vid="F1B35771-79DF-D237-D5DA-093CA2C0715B">
<hideElementsInCurrentOnly>false</hideElementsInCurrentOnly>
<bounds x="1282" y="570" width="224" height="112"/>
</OView>
</objectViews>
<connectors>
<Connector class="oracle.dbtools.crest.swingui.relational.TVFKRelation" oid="1C8AA386-118B-4473-15E8-812E66416425" otype="FKIndexAssociation" vid_source="F1B35771-79DF-D237-D5DA-093CA2C0715B" vid_target="449E8A3B-13F4-BB13-27D2-43F323340413">
<hideElementsInCurrentOnly>false</hideElementsInCurrentOnly>
<backgroundColor>-16777216</backgroundColor>
<lineWidth>1</lineWidth>
<points>
<point x="1394" y="570"/>
<point x="1394" y="511"/>
</points>
</Connector>
<Connector class="oracle.dbtools.crest.swingui.relational.TVFKRelation" oid="24401681-F4A7-078D-5D9D-57DBF5ABA7F3" otype="FKIndexAssociation" vid_source="34B3699C-DC60-16BE-442F-8E2265EF1A88" vid_target="022E2EB2-6817-D899-355A-E3B3E6437C0A">
<hideElementsInCurrentOnly>false</hideElementsInCurrentOnly>
<backgroundColor>-16777216</backgroundColor>
<lineWidth>1</lineWidth>
<points>
<point x="218" y="346"/>
<point x="260" y="346"/>
</points>
</Connector>
<Connector class="oracle.dbtools.crest.swingui.relational.TVFKRelation" oid="5BF2DA51-19A0-B4FD-B8A4-19BFDF929445" otype="FKIndexAssociation" vid_source="DF581648-A634-23FE-19D7-F36F589D3E17" vid_target="449E8A3B-13F4-BB13-27D2-43F323340413">
<hideElementsInCurrentOnly>false</hideElementsInCurrentOnly>
<backgroundColor>-16777216</backgroundColor>
<lineWidth>1</lineWidth>
<points>
<point x="1224" y="399"/>
<point x="1271" y="399"/>
</points>
</Connector>
<Connector class="oracle.dbtools.crest.swingui.relational.TVFKRelation" oid="6238E8E8-2D61-C3E0-A876-89AD2E354821" otype="FKIndexAssociation" vid_source="B9C2EC8A-1469-63FB-8118-50F43DEA6DBD" vid_target="9C9B4E26-492B-5962-300F-0B46EBB299BF">
<hideElementsInCurrentOnly>false</hideElementsInCurrentOnly>
<backgroundColor>-16777216</backgroundColor>
<lineWidth>1</lineWidth>
<points>
<point x="789" y="240"/>
<point x="789" y="170"/>
<point x="999" y="170"/>
</points>
</Connector>
<Connector class="oracle.dbtools.crest.swingui.relational.TVFKRelation" oid="65071E7A-35D9-AF09-85AC-7F97BC6B1B9E" otype="FKIndexAssociation" vid_source="5ED7AE19-61AE-2B75-8600-DBCDD001C77B" vid_target="022E2EB2-6817-D899-355A-E3B3E6437C0A">
<hideElementsInCurrentOnly>false</hideElementsInCurrentOnly>
<backgroundColor>-16777216</backgroundColor>
<lineWidth>1</lineWidth>
<points>
<point x="504" y="641"/>
<point x="376" y="641"/>
<point x="376" y="430"/>
</points>
</Connector>
<Connector class="oracle.dbtools.crest.swingui.relational.TVFKRelation" oid="6CDCD29B-4C55-4BF6-62CF-B474F6ABB3CC" otype="FKIndexAssociation" vid_source="5C16B257-7DE0-BE62-D2D7-7FEE252189AE" vid_target="05538D0B-97B5-FAE4-CF41-FE79710A1B8B">
<hideElementsInCurrentOnly>false</hideElementsInCurrentOnly>
<backgroundColor>-16777216</backgroundColor>
<lineWidth>1</lineWidth>
<points>
<point x="582" y="76"/>
<point x="618" y="76"/>
</points>
</Connector>
<Connector class="oracle.dbtools.crest.swingui.relational.TVFKRelation" oid="B5B15777-73B9-6E9B-9F4B-A4E47F2D1FEA" otype="FKIndexAssociation" vid_source="5ED7AE19-61AE-2B75-8600-DBCDD001C77B" vid_target="B9C2EC8A-1469-63FB-8118-50F43DEA6DBD">
<hideElementsInCurrentOnly>false</hideElementsInCurrentOnly>
<backgroundColor>-16777216</backgroundColor>
<lineWidth>1</lineWidth>
<points>
<point x="675" y="573"/>
<point x="675" y="482"/>
</points>
</Connector>
<Connector class="oracle.dbtools.crest.swingui.relational.TVFKRelation" oid="CA9C9358-3918-9A54-B944-F8F2CDCC57E1" otype="FKIndexAssociation" vid_source="DF581648-A634-23FE-19D7-F36F589D3E17" vid_target="B9C2EC8A-1469-63FB-8118-50F43DEA6DBD">
<hideElementsInCurrentOnly>false</hideElementsInCurrentOnly>
<backgroundColor>-16777216</backgroundColor>
<lineWidth>1</lineWidth>
<points>
<point x="965" y="409"/>
<point x="881" y="409"/>
</points>
</Connector>
<Connector class="oracle.dbtools.crest.swingui.relational.TVFKRelation" oid="D7059CAA-23C8-E2E5-84A9-1462BAD20ABA" otype="FKIndexAssociation" vid_source="5ED7AE19-61AE-2B75-8600-DBCDD001C77B" vid_target="38D6F072-EA34-5026-17A7-D8E066D65D09">
<hideElementsInCurrentOnly>false</hideElementsInCurrentOnly>
<backgroundColor>-16777216</backgroundColor>
<lineWidth>1</lineWidth>
<points>
<point x="744" y="646"/>
<point x="861" y="646"/>
</points>
</Connector>
<Connector class="oracle.dbtools.crest.swingui.relational.TVFKRelation" oid="E15FE7E2-90D1-64E8-C8EC-5EDFD132C35B" otype="FKIndexAssociation" vid_source="05538D0B-97B5-FAE4-CF41-FE79710A1B8B" vid_target="B9C2EC8A-1469-63FB-8118-50F43DEA6DBD">
<hideElementsInCurrentOnly>false</hideElementsInCurrentOnly>
<backgroundColor>-16777216</backgroundColor>
<lineWidth>1</lineWidth>
<points>
<point x="726" y="157"/>
<point x="726" y="240"/>
</points>
</Connector>
</connectors>
</Diagram>
