<?xml version = '1.0' encoding = 'UTF-8'?>
<relationalModel class="oracle.dbtools.crest.model.design.relational.RelationalDesign" name="Relational_1" id="40829BE0-4E74-AA94-DA7F-4DCD4F7E43DB" mainViewID="BC807C12-7C77-18D4-4B55-12A2D58B726C">
<createdBy>Mustafa Khan</createdBy>
<createdTime>2024-05-01 17:09:11 UTC</createdTime>
<ownerDesignName>pat_oraclemodel</ownerDesignName>
<shouldBeOpen>false</shouldBeOpen>
<selectedRDBMSSite>3FD120B5-9F4E-6278-D5E2-746D192C8319</selectedRDBMSSite>
</relationalModel>